sample_name	sample_id	species	locus	product_subtype	owning_workspace_id	kit_pool	sample_properties	sku	test_name	sample_catalog_tags	sample_rich_tags	sample_rich_tags_json	hla_class_i	hla_class_ii	kit_control	sequence_result_id	total_templates	productive_templates	outofframe_templates	stop_templates	dj_templates	total_rearrangements	productive_rearrangements	outofframe_rearrangements	stop_rearrangements	dj_rearrangements	total_reads	total_productive_reads	total_outofframe_reads	total_stop_reads	total_dj_reads	productive_clonality	productive_entropy	sample_clonality	sample_entropy	sample_amount_ng	sample_cells_mass_estimate	fraction_productive_of_cells_mass_estimate	sample_cells	fraction_productive_of_cells	max_productive_frequency	max_frequency	counting_method	primer_set	sequence_result_status	release_date	upload_date	fraction_productive	order_name	kit_id	total_t_cells	total_templates_agg	min_rearrangement_length
IGKL_K00091700_tumor	c1f74e6f-3f83-4175-86a5-ab4e291b02bd	Human	IGKL	Survey	fbaae9ec-1845-4a40-af92-4917fd94c6d1					Cancer:Burkitt Lymphoma,Disorder:EBV positive						0671ab67-a020-49f3-b1a2-729ad156f834	603	310	289	3	na	466	219	237	10	na	14010	7215	6721	74	na	0.1114	6.9089	0.1265	7.7429	1385.2800	213120	0.001455	no data	no data	0.0586278588	0.0822983608	v2	Human-IGKL-PD1x	Published	12/10/15 04:11:57	11/23/15 11:41:44	0.5141			no data	no data	130
IGH_K00116800_tumor	67a2216a-566e-4846-8c48-515ac5878edd	Human	IGH	Survey	fbaae9ec-1845-4a40-af92-4917fd94c6d1					Cancer:Burkitt Lymphoma,Disorder:EBV positive						0fdd6961-bd4e-4153-9346-21176cb422d9	430	400	28	1	na	145	113	28	4	na	81982	76336	5413	233	na	0.9297	0.4792	0.8634	0.9811	400.0000	61538	0.006500	no data	no data	0.95806694	0.892086089	v2	Human-IGH-PD1x	Published	12/14/15 09:52:59	11/10/15 01:16:42	0.9302			no data	no data	130
TCRB_K00091800_tumor	134135bc-c843-427b-ad1c-e30e56a62ee4	Human	TCRB	KIT	fbaae9ec-1845-4a40-af92-4917fd94c6d1					Cancer:Burkitt Lymphoma,Disorder:EBV positive		[]			Sample	6162d2a3-1e63-4931-8e45-2ffc5204b311	4658	3615	962	81	na	1197	916	256	25	na	na	na	na	na	na	0.3716	6.1830	0.3479	6.6678	no data	no data	no data	no data	no data	0.250622422	0.194504082	v3	Human-TCRB-PD1x	Published	11/06/15 09:05:49	11/05/15 01:12:42	0.7761			no data	no data	87
IGH_009-0192_tumor	33ad7341-85e2-4c30-a4bf-a3af0bfdc742	Human	IGH	Survey	fbaae9ec-1845-4a40-af92-4917fd94c6d1					Cancer:Burkitt Lymphoma,Disorder:EBV positive,Virus Diseases:HIV Neg					Sample	0675abe7-c55c-480c-be48-abb6583333bd	736	639	74	22	na	716	618	76	22	na	21857	18990	2204	663	na	0.0569	8.7435	0.0567	8.9465	800.0000	123076	0.005192	no data	no data	0.0201158505	0.0174772386	v2	Human-IGH-PD1x	Published	04/18/14 07:08:15	04/06/14 08:03:49	0.8682			no data	no data	130
IGH_K00129600_tumor	9950608b-f377-46e4-a000-f1d626357c15	Human	IGH	Survey	fbaae9ec-1845-4a40-af92-4917fd94c6d1					Cancer:Burkitt Lymphoma,Disorder:EBV positive						04c0fbef-b2df-4f29-b292-c84d58e1c4e5	101	87	13	na	na	78	53	24	1	na	6074	5273	787	14	na	0.2781	4.1348	0.2636	4.6285	1032.9600	158916	0.000547	no data	no data	0.354067892	0.307375699	v2	Human-IGH-PD1x	Published	09/16/15 02:34:57	09/08/15 02:49:30	0.8614			no data	no data	130
IGKL_009-0103_tumor	06866829-3f22-4344-9873-2cef367c0bc3	Human	IGKL	Survey	fbaae9ec-1845-4a40-af92-4917fd94c6d1					Cancer:Burkitt Lymphoma,Disorder:EBV positive,Virus Diseases:HIV Neg					Sample	16576ce0-3b5f-4e6e-86da-6fdd85d6b057	57432	57370	59	1	na	545	486	52	7	na	3433066	3429374	3584	108	na	0.9661	0.3022	0.9650	0.3185	1164.8001	179200	0.320145	no data	no data	0.961193502	0.960159838	v2	Human-IGKL-PD1x	Published	12/05/13 12:52:35	12/05/13 12:50:25	0.9989			no data	no data	130
TCRB_K00064000_tumor	da8b4532-39e7-472a-94c2-8c81ab2a31e9	Human	TCRB	KIT	fbaae9ec-1845-4a40-af92-4917fd94c6d1					Cancer:Burkitt Lymphoma,Disorder:EBV positive		[]			Sample	2cf1af81-3f06-403a-a6e1-f1330b20bdc6	34504	24448	9678	378	na	14327	11376	2718	233	na	na	na	na	na	na	0.1652	11.2481	0.2192	10.7805	no data	no data	no data	no data	no data	0.0992310196	0.128217012	v3	Human-TCRB-PD1x	Published	11/10/15 02:12:13	11/04/15 04:57:47	0.7086			no data	no data	87
IGH_K00063100_tumor	520a1f3f-c198-48a1-aa89-c76ae855b08d	Human	IGH	Survey	fbaae9ec-1845-4a40-af92-4917fd94c6d1					Cancer:Burkitt Lymphoma,Disorder:EBV positive						2823a6b4-5620-4386-9f06-23e03a1378ae	1092	950	130	10	na	1018	754	234	30	na	62922	54783	7547	592	na	0.2536	7.1343	0.2409	7.5850	1536.6400	236406	0.004019	no data	no data	0.228446782	0.198897049	v2	Human-IGH-PD1x	Published	12/10/15 04:11:57	12/10/15 03:14:58	0.8700			no data	no data	130
IGKL_009-0202_tumor	e6301845-2a08-44c0-b560-ba9838645672	Human	IGKL	Survey	fbaae9ec-1845-4a40-af92-4917fd94c6d1					Cancer:Burkitt Lymphoma,Disorder:EBV positive,Virus Diseases:HIV Neg					Sample	285d31f7-6090-415d-94db-9da1c4d3d9f8	455340	218545	236748	45	na	647	339	296	12	na	3324710	1595735	1728641	334	na	0.8613	1.1662	0.7849	2.0081	800.0000	123076	1.775691	no data	no data	0.658232749	0.435992301	v2	Human-IGKL-PD1x	Published	05/21/14 04:45:30	05/21/14 04:22:53	0.4800			no data	no data	130
IGKL_K00139000_tumor	2c3e20cd-b698-4c40-9ea4-b6480e423016	Human	IGKL	Survey	fbaae9ec-1845-4a40-af92-4917fd94c6d1					Cancer:Burkitt Lymphoma,Disorder:EBV positive						28d7fcd8-42f8-4411-841d-1e192f2dd93c	59344	59246	93	4	na	172	95	75	2	na	1473192	1470770	2322	100	na	0.8865	0.7456	0.8963	0.7703	400.0000	61538	0.962755	no data	no data	0.803705513	0.802384198	v2	Human-IGKL-PD1x	Published	04/14/15 03:39:15	03/20/15 11:24:23	0.9983			no data	no data	130
TCRB_K00060800_tumor	cc2a2ff8-182d-4356-91f8-22e35f60287d	Human	TCRB	KIT	fbaae9ec-1845-4a40-af92-4917fd94c6d1					Cancer:Burkitt Lymphoma,Disorder:EBV positive		[]			Sample	363c27f1-7541-4b7b-836b-78657ccf0bb2	9450	7234	2016	200	na	3693	2772	836	85	na	na	na	na	na	na	0.1393	9.8436	0.1228	10.3948	no data	no data	no data	no data	no data	0.0696709976	0.0533333346	v3	Human-TCRB-PD1x	Published	11/17/15 08:59:19	11/17/15 02:42:12	0.7655			no data	no data	87
IGH_009-0109_tumor	ee17e2df-8307-47c2-9b04-c45d1495af4b	Human	IGH	Survey	fbaae9ec-1845-4a40-af92-4917fd94c6d1					Cancer:Burkitt Lymphoma,Disorder:EBV positive,Virus Diseases:HIV Neg					Sample	37f74203-92e2-495d-aef7-236151b24b96	12983	12929	51	2	na	467	354	92	21	na	2041567	2033083	8098	386	na	0.8691	1.1081	0.8688	1.1637	2000.0000	307692	0.042019	no data	no data	0.687757969	0.684899867	v2	Human-IGH-PD1x	Published	12/05/13 12:52:35	12/04/13 11:01:57	0.9958			no data	no data	130
TCRB_009-0192_tumor	3ad4df40-e162-43c2-8c50-689d9f744dd8	Human	TCRB	KIT	fbaae9ec-1845-4a40-af92-4917fd94c6d1					Cancer:Burkitt Lymphoma,Disorder:EBV positive,Virus Diseases:HIV Neg		[]			Sample	18fddb04-a5d7-43f7-8c04-44fe4b219a2a	21270	16402	4536	332	na	11111	8557	2349	205	na	na	na	na	na	na	0.0673	12.1837	0.0679	12.5274	no data	no data	no data	no data	no data	0.0111571755	0.00973201748931172	v3	Human-TCRB-PD1x	Published	08/04/15 11:49:56	07/16/15 10:15:15	0.7711			no data	no data	87
TCRB_K00090800_tumor	3208bf61-f31e-4668-8332-af3e0c715835	Human	TCRB	KIT	fbaae9ec-1845-4a40-af92-4917fd94c6d1					Cancer:Burkitt Lymphoma,Disorder:EBV positive		[]			Sample	1df898ac-57f9-4911-9476-67a7cef6992b	10253	7951	2099	203	na	6519	5019	1358	142	na	na	na	na	na	na	0.0701	11.4314	0.0659	11.8359	no data	no data	no data	no data	no data	0.02540561	0.0197015516	v3	Human-TCRB-PD1x	Published	11/10/15 02:12:13	11/04/15 04:57:09	0.7755			no data	no data	87
IGKL_K00090300_tumor	a57fb245-83a7-48ea-a098-601ded2cdda5	Human	IGKL	Survey	fbaae9ec-1845-4a40-af92-4917fd94c6d1					Cancer:Burkitt Lymphoma,Disorder:EBV positive						2769421d-5d72-4486-af81-d28d5116d6be	242201	1747	240452	1	na	744	139	600	5	na	4855607	35033	4820546	28	na	0.7028	2.1155	0.8154	1.7608	1618.8800	249058	0.007014	no data	no data	0.612850726	0.484726638	v2	Human-IGKL-PD1x	Published	12/10/15 04:11:57	11/23/15 11:42:18	0.0072			no data	no data	130
TCRB_K00126500_tumor	ebde7cf3-0d01-4af9-854c-f2f00219685c	Human	TCRB	KIT	fbaae9ec-1845-4a40-af92-4917fd94c6d1					Cancer:Burkitt Lymphoma,Disorder:EBV positive		[]			Sample	29b55bd7-2e90-494c-a825-fe00bd0d2188	165889	138765	25916	1208	na	13355	10645	2506	204	na	na	na	na	na	na	0.4290	7.6383	0.4016	8.2009	no data	no data	no data	no data	no data	0.223291174	0.186781526	v3	Human-TCRB-PD1x	Published	06/02/15 01:57:58	06/02/15 10:27:07	0.8365			no data	no data	87
TCRB_009-0122_tumor	7c46ca25-55ed-44c9-af98-dee950439314	Human	TCRB	KIT	fbaae9ec-1845-4a40-af92-4917fd94c6d1					Cancer:Burkitt Lymphoma,Virus Diseases:HIV Neg		[]			Sample	2cba6fdd-ae95-4093-a620-261088109599	2884	2339	470	75	na	1346	1050	270	26	na	na	na	na	na	na	0.1059	8.9731	0.0937	9.4203	no data	no data	no data	no data	no data	0.0376229174	0.0305131767	v3	Human-TCRB-PD1x	Published	07/15/15 09:37:18	07/10/15 10:45:11	0.8110			no data	no data	87
IGH_K00064000_tumor	6c04923c-3455-4611-a103-49e7908fab28	Human	IGH	Survey	fbaae9ec-1845-4a40-af92-4917fd94c6d1					Cancer:Burkitt Lymphoma,Disorder:EBV positive						35181859-6b50-4f81-9f2f-1a2c98dfc861	62512	54280	7025	1206	na	59200	50870	6959	1371	na	915698	795113	102911	17674	na	0.0265	15.2209	0.0273	15.4213	1638.7200	252110	0.215303	no data	no data	0.001079091942099803	0.00189472947880406	v2	Human-IGH-PD1x	Published	12/10/15 04:11:57	11/10/15 01:18:40	0.8683			no data	no data	130
IGH_009-0148_tumor	8e5fdf3e-0e61-4bb4-9129-9cb323faa63e	Human	IGH	Survey	fbaae9ec-1845-4a40-af92-4917fd94c6d1					Cancer:Burkitt Lymphoma,Disorder:EBV positive,Virus Diseases:HIV Neg					Sample	832c8479-936a-42e1-8fdf-5a46bb3ef249	2855	308	43	2502	na	958	713	104	141	na	155187	16794	2386	136007	na	0.0567	8.9399	0.8138	1.8440	800.0000	123076	0.002503	no data	no data	0.0442419909	0.863506615	v2	Human-IGH-PD1x	Published	04/18/14 07:08:15	04/06/14 08:03:44	0.1079			no data	no data	130
TCRB_009-0103_tumor	b99e2a77-c562-4d5f-b4c5-a178fc6d7270	Human	TCRB	KIT	fbaae9ec-1845-4a40-af92-4917fd94c6d1					Cancer:Burkitt Lymphoma,Disorder:EBV positive,Virus Diseases:HIV Neg		[]			Sample	8826f8a4-fade-4f24-b047-53470859be47	287	231	50	6	na	189	143	41	5	na	na	na	na	na	na	0.1263	6.2553	0.1011	6.7977	no data	no data	no data	no data	no data	0.212121218	0.170731708	v3	Human-TCRB-PD1x	Published	07/15/15 09:37:18	07/10/15 10:44:54	0.8049			no data	no data	87
IGKL_009-0182_tumor	a4402a9f-9dd5-4c0a-9983-a45b5bb88772	Human	IGKL	Survey	fbaae9ec-1845-4a40-af92-4917fd94c6d1					Cancer:Burkitt Lymphoma,Disorder:EBV positive,Virus Diseases:HIV Neg					Sample	8584fc0b-957f-44bb-be2b-d4fc131deeda	95943	48807	47104	31	na	632	241	368	23	na	2455649	1249225	1205629	795	na	0.9862	0.1092	0.8778	1.1365	800.0000	123076	0.396560	no data	no data	0.992138326	0.504715443	v2	Human-IGKL-PD1x	Published	05/21/14 04:45:30	05/21/14 04:22:48	0.5087			no data	no data	130
IGH_K00142100_tumor	f964bb05-1d55-4d24-9690-becedc11875c	Human	IGH	Survey	fbaae9ec-1845-4a40-af92-4917fd94c6d1					Cancer:Burkitt Lymphoma,Disorder:EBV positive						a925ed33-fa7b-41b4-a009-bd0b20d7b0e8	462	424	32	4	na	264	228	31	5	na	57461	52835	4037	589	na	0.4260	4.4960	0.4002	4.8252	400.0000	61538	0.006890	no data	no data	0.417469472	0.38386035	v2	Human-IGH-PD1x	Published	12/14/15 09:52:59	11/10/15 01:16:20	0.9177			no data	no data	130
IGKL_009-0109_tumor	8f5b8770-273d-47d1-ba1d-8f23bcecaca1	Human	IGKL	Survey	fbaae9ec-1845-4a40-af92-4917fd94c6d1					Cancer:Burkitt Lymphoma,Disorder:EBV positive,Virus Diseases:HIV Neg					Sample	af70b8a7-6ef1-464c-8897-ce9590cebec1	82000	81628	361	9	na	650	442	186	22	na	5146610	5123287	22716	607	na	0.9902	0.0862	0.9834	0.1555	1229.1200	189095	0.431677	no data	no data	0.994705141	0.99019742	v2	Human-IGKL-PD1x	Published	12/05/13 12:52:35	12/05/13 12:50:25	0.9955			no data	no data	130
IGH_009-0209_tumor	fdfcc079-3a0e-415e-8eb9-56e03ad42ca8	Human	IGH	Survey	fbaae9ec-1845-4a40-af92-4917fd94c6d1					Cancer:Burkitt Lymphoma,Disorder:EBV positive,Virus Diseases:HIV Neg					Sample	22b308e0-31cc-470c-ae47-a639ac43157f	15678	15618	48	11	na	729	672	41	16	na	659998	657491	2037	470	na	0.9374	0.5882	0.9333	0.6347	800.0000	123076	0.126897	no data	no data	0.92954731	0.92601645	v2	Human-IGH-PD1x	Published	04/18/14 07:08:15	04/06/14 08:03:51	0.9962			no data	no data	130
IGKL_009-0174_tumor	088d1d90-592d-41a1-bc58-8f7610df1526	Human	IGKL	Survey	fbaae9ec-1845-4a40-af92-4917fd94c6d1					Cancer:Burkitt Lymphoma,Disorder:EBV positive,Virus Diseases:HIV Neg					Sample	075c9875-9c3c-47c9-827a-7fe3eb324170	1223447	1218687	4169	589	na	2532	2062	435	35	na	6675933	6649963	22751	3219	na	0.9565	0.4784	0.9529	0.5328	800.0000	123076	9.901906	no data	no data	0.923924267	0.920330107	v2	Human-IGKL-PD1x	Published	05/21/14 04:45:30	05/21/14 04:22:46	0.9961			no data	no data	130
TCRB_009-0232_tumor	b6d42fdd-2843-42c8-a875-86a61fd9bb2c	Human	TCRB	KIT	fbaae9ec-1845-4a40-af92-4917fd94c6d1					Cancer:Burkitt Lymphoma,Disorder:EBV positive,Virus Diseases:HIV Neg		[]			Sample	2c2d82c4-9308-4a8a-be3d-603a9aa6eac5	4209	3277	822	110	na	2067	1540	485	42	na	na	na	na	na	na	0.1387	9.1203	0.1253	9.6329	no data	no data	no data	no data	no data	0.0500457734	0.0389641263	v3	Human-TCRB-PD1x	Published	08/04/15 11:49:56	07/16/15 10:15:43	0.7786			no data	no data	87
IGKL_009-0184_tumor	a85893ab-5eff-49d2-b17e-8988a24764ce	Human	IGKL	Survey	fbaae9ec-1845-4a40-af92-4917fd94c6d1					Cancer:Burkitt Lymphoma,Disorder:EBV positive,Virus Diseases:HIV Neg					Sample	09e6bc09-9330-462d-86a4-9a0740c469a7	239103	36042	203048	12	na	1056	244	788	24	na	5520456	832156	4688016	284	na	0.9798	0.1603	0.8056	1.9530	800.0000	123076	0.292843	no data	no data	0.989376962	0.36780113	v2	Human-IGKL-PD1x	Published	05/21/14 04:45:30	05/21/14 04:22:48	0.1507			no data	no data	130
IGH_K00090800_tumor	b35375ba-fb05-424a-b481-003840e7d489	Human	IGH	Survey	fbaae9ec-1845-4a40-af92-4917fd94c6d1					Cancer:Burkitt Lymphoma,Disorder:EBV positive						08bb98d9-8e5a-4978-8ca1-7406a32e4b17	13066	11367	1425	272	na	12301	10494	1497	310	na	304596	265005	33234	6357	na	0.0442	12.7665	0.0417	13.0202	1283.5200	197464	0.057565	no data	no data	0.0120865647	0.0105155678	v2	Human-IGH-PD1x	Published	12/10/15 04:11:57	11/09/15 12:03:38	0.8700			no data	no data	130
IGH_009-0174_tumor	d87f88fb-0a7f-4e46-a8e8-ed9ce1417baf	Human	IGH	Survey	fbaae9ec-1845-4a40-af92-4917fd94c6d1					Cancer:Burkitt Lymphoma,Disorder:EBV positive,Virus Diseases:HIV Neg					Sample	01611465-00d0-4a27-81dc-8337a567714a	406	302	16	86	na	203	143	21	39	na	15830	11798	644	3388	na	0.5180	3.4512	0.4528	4.1948	800.0000	123076	0.002454	no data	no data	0.605017781	0.450915992	v2	Human-IGH-PD1x	Published	04/18/14 07:08:15	04/06/14 08:03:46	0.7438			no data	no data	130
IGH_009-0171_tumor	60eb745b-7dcd-492e-9147-515c1c018dcd	Human	IGH	Survey	fbaae9ec-1845-4a40-af92-4917fd94c6d1					Cancer:Burkitt Lymphoma,Disorder:EBV positive,Virus Diseases:HIV Neg					Sample	08dbe53b-17f3-4630-a9ab-3ded5f2deec9	94	71	20	1	na	85	65	18	2	na	3042	2310	678	54	na	0.1015	5.4113	0.0918	5.8213	800.0000	123076	0.000577	no data	no data	0.106493503	0.0808678493	v2	Human-IGH-PD1x	Published	04/18/14 07:08:15	04/06/14 08:03:46	0.7553			no data	no data	130
IGKL_K00106900_tumor	de9f88ea-aa15-4387-a97a-cee6ed47ff33	Human	IGKL	Survey	fbaae9ec-1845-4a40-af92-4917fd94c6d1					Cancer:Burkitt Lymphoma,Disorder:EBV positive						18892bf6-3002-477f-8d1b-e6583496b945	321083	200717	120354	11	na	1317	853	444	20	na	6495462	4060483	2434746	233	na	0.9529	0.4588	0.8664	1.3846	1738.2400	267421	0.750566	no data	no data	0.954325378	0.59657371	v2	Human-IGKL-PD1x	Published	12/10/15 04:11:57	11/23/15 11:41:00	0.6251			no data	no data	130
TCRB_009-0182_tumor	5b589b96-fd43-4ed5-ac35-6d70612112b4	Human	TCRB	KIT	fbaae9ec-1845-4a40-af92-4917fd94c6d1					Cancer:Burkitt Lymphoma,Disorder:EBV positive,Virus Diseases:HIV Neg		[]			Sample	3bf09677-c1c7-4232-8240-fc42bf770388	964	781	167	16	na	459	336	111	12	na	na	na	na	na	na	0.1621	7.0316	0.1324	7.6713	no data	no data	no data	no data	no data	0.129321381	0.104771785	v3	Human-TCRB-PD1x	Published	09/12/16 11:30:33	09/12/16 11:27:22	0.8102			no data	no data	87
IGH_009-0203_tumor	0a1b146f-595e-4a4d-bde8-5e45312e2db0	Human	IGH	Survey	fbaae9ec-1845-4a40-af92-4917fd94c6d1					Cancer:Burkitt Lymphoma,Disorder:EBV positive,Virus Diseases:HIV Neg					Sample	2cb1c87b-e2b6-4d06-afa0-6ff19b80f590	164	101	48	13	na	161	121	33	7	na	9293	5765	2776	752	na	0.0846	6.3338	0.0940	6.6416	800.0000	123076	0.000821	no data	no data	0.0393755436	0.0390616581	v2	Human-IGH-PD1x	Published	04/18/14 07:08:15	04/06/14 08:03:51	0.6159			no data	no data	130
IGH_K00098500_tumor	600761bc-f989-4e60-8ecc-01dacda56cad	Human	IGH	Survey	fbaae9ec-1845-4a40-af92-4917fd94c6d1					Cancer:Burkitt Lymphoma,Disorder:EBV positive						0aab1543-5d47-47d7-b944-6faf489b1a47	9800	9769	25	4	na	1354	1262	79	13	na	1425281	1420890	3728	663	na	0.7837	2.2284	0.7818	2.2696	400.0000	61538	0.158747	no data	no data	0.655180216	0.653161705	v2	Human-IGH-PD1x	Published	12/14/15 09:52:59	11/10/15 01:16:49	0.9968			no data	no data	130
IGH_009-0122_tumor	db30bbc5-54b4-4c9a-ab7b-ae68e67b5ec7	Human	IGH	Survey	fbaae9ec-1845-4a40-af92-4917fd94c6d1					Cancer:Burkitt Lymphoma,Virus Diseases:HIV Neg					Sample	27524a4a-2e32-458e-bda5-9e4030be40fc	54490	30694	23780	14	na	638	331	248	59	na	4485673	2526826	1957653	1194	na	0.8744	1.0511	0.8208	1.6699	2000.0000	307692	0.099756	no data	no data	0.653923154	0.429476231	v2	Human-IGH-PD1x	Published	12/05/13 12:52:35	12/04/13 11:02:02	0.5633			no data	no data	130
IGH_K00094200_tumor	aa3afabc-4dcb-4edd-ad7a-fc9303c4ed2f	Human	IGH	Survey	fbaae9ec-1845-4a40-af92-4917fd94c6d1					Cancer:Burkitt Lymphoma,Disorder:EBV positive						34823c03-673e-4b28-986a-89144b80de76	27322	24440	2462	418	na	24677	21953	2272	452	na	708402	633690	63851	10861	na	0.0406	13.8367	0.0442	13.9462	1671.6801	257181	0.095030	no data	no data	0.005035585363128788	0.0107608391	v2	Human-IGH-PD1x	Published	09/16/15 02:34:57	09/08/15 02:49:37	0.8945			no data	no data	130
IGKL_K00133300_tumor	397d7388-f402-45af-a5cf-91f6163ae03b	Human	IGKL	Survey	fbaae9ec-1845-4a40-af92-4917fd94c6d1					Cancer:Burkitt Lymphoma,Disorder:EBV positive						08ee14d8-e79f-450a-9a56-bce0e637a607	28188	27822	355	9	na	876	553	310	13	na	2058528	2031845	25964	719	na	0.9836	0.1493	0.9649	0.3435	2006.0800	308627	0.090148	no data	no data	0.990180373	0.977345467	v2	Human-IGKL-PD1x	Published	06/05/15 04:35:37	06/01/15 03:05:19	0.9870			no data	no data	130
TCRB_K00094200_tumor	29dc4dfd-9bde-4264-a904-14e29d64540a	Human	TCRB	KIT	fbaae9ec-1845-4a40-af92-4917fd94c6d1					Cancer:Burkitt Lymphoma,Disorder:EBV positive		[]			Sample	0a9c59e9-3c0c-4150-8dbb-250ec1f702f9	30213	23424	6405	384	na	12667	9714	2724	229	na	na	na	na	na	na	0.1746	10.9337	0.1617	11.4255	no data	no data	no data	no data	no data	0.0546021163	0.0423327722	v3	Human-TCRB-PD1x	Published	11/10/15 02:12:13	11/04/15 04:56:45	0.7753			no data	no data	87
IGKL_009-0112_tumor	49b0c0b9-3837-471a-a175-9435e363fef0	Human	IGKL	Survey	fbaae9ec-1845-4a40-af92-4917fd94c6d1					Cancer:Burkitt Lymphoma,Virus Diseases:HIV Neg					Sample	2858a73f-6d57-48c2-bbf1-1582a9b85477	595784	420369	175387	27	na	921	423	471	27	na	22580837	15932430	6647370	1037	na	0.8881	0.9766	0.8393	1.5826	1250.8800	192443	2.184382	no data	no data	0.633545697	0.447012752	v2	Human-IGKL-PD1x	Published	12/05/13 12:52:35	12/05/13 12:50:26	0.7056			no data	no data	130
IGH_K00130800_tumor	131b8bea-2873-4bb1-a44f-32078ff98970	Human	IGH	Survey	fbaae9ec-1845-4a40-af92-4917fd94c6d1					Cancer:Burkitt Lymphoma,Disorder:EBV positive						2a5bcca2-ab0c-4539-9c8d-657a5112b48d	19005	18971	31	1	na	174	134	37	3	na	2259407	2255474	3712	221	na	0.9910	0.0639	0.9880	0.0895	400.0000	61538	0.308281	no data	no data	0.995727718	0.993994415	v2	Human-IGH-PD1x	Published	12/14/15 09:52:59	11/10/15 01:16:28	0.9982			no data	no data	130
IGKL_009-0203_tumor	996581f1-132b-4ec3-8979-deec37598dbf	Human	IGKL	Survey	fbaae9ec-1845-4a40-af92-4917fd94c6d1					Cancer:Burkitt Lymphoma,Disorder:EBV positive,Virus Diseases:HIV Neg					Sample	067f7133-52fb-4bd2-86eb-35bae6f0c33e	63706	454	63234	16	na	621	250	347	24	na	1246313	8893	1237089	331	na	0.0890	7.2571	0.9738	0.2428	800.0000	123076	0.003689	no data	no data	0.0369953886	0.984603405	v2	Human-IGKL-PD1x	Published	05/21/14 04:45:30	05/21/14 04:22:54	0.0071			no data	no data	130
TCRB_K00094900_tumor	a5268604-53ca-4b6b-947b-04755b5d3023	Human	TCRB	KIT	fbaae9ec-1845-4a40-af92-4917fd94c6d1					Cancer:Burkitt Lymphoma,Disorder:EBV positive		[]			Sample	1c24cdee-8d81-499c-96f7-b0b1fdad25a6	6628	5080	1461	87	na	2861	2150	646	65	na	na	na	na	na	na	0.1129	9.8205	0.1044	10.2830	no data	no data	no data	no data	no data	0.0366141722	0.0280627646	v3	Human-TCRB-PD1x	Published	11/06/15 09:05:49	11/05/15 01:12:34	0.7664			no data	no data	87
TCRB_K00098500_tumor	14234ee5-a3fc-4790-bd7a-50d606b434bd	Human	TCRB	KIT	fbaae9ec-1845-4a40-af92-4917fd94c6d1					Cancer:Burkitt Lymphoma,Disorder:EBV positive		[]			Sample	24b7e2fe-573f-4d21-9528-cfe44c7a4b8c	12541	10133	2215	193	na	5611	4381	1124	106	na	na	na	na	na	na	0.0901	11.0075	0.0826	11.4256	no data	no data	no data	no data	no data	0.0279285498	0.0225659832	v3	Human-TCRB-PD1x	Published	01/07/16 10:50:37	01/05/16 03:14:25	0.8080			no data	no data	87
IGH_K00091800_tumor	11e6981e-7536-43c1-97e3-39660f382729	Human	IGH	Survey	fbaae9ec-1845-4a40-af92-4917fd94c6d1					Cancer:Burkitt Lymphoma,Disorder:EBV positive						32d73d73-e5de-4ece-8328-09c8eafe5aec	114	99	14	na	na	80	66	13	1	na	3038	2641	374	23	na	0.2615	4.4636	0.2244	4.9036	1785.9200	274756	0.000360	no data	no data	0.34078002	0.296247542	v2	Human-IGH-PD1x	Published	12/10/15 04:11:57	11/09/15 12:03:37	0.8684			no data	no data	130
IGH_009-0184_tumor	9e89904e-ac74-413e-8007-b14f94d3cf30	Human	IGH	Survey	fbaae9ec-1845-4a40-af92-4917fd94c6d1					Cancer:Burkitt Lymphoma,Disorder:EBV positive,Virus Diseases:HIV Neg					Sample	52f23794-7b4e-46e4-9f20-5edf69ba43f5	1785	36	1738	10	na	368	118	226	24	na	143344	2950	139577	817	na	0.0847	6.2999	0.9125	0.7459	800.0000	123076	0.000293	no data	no data	0.0440677963	0.943548381	v2	Human-IGH-PD1x	Published	04/18/14 07:08:15	04/06/14 08:03:47	0.0202			no data	no data	130
IGH_K00139000_tumor	b04e7d05-3727-477b-8220-be0af6acc010	Human	IGH	Survey	fbaae9ec-1845-4a40-af92-4917fd94c6d1					Cancer:Burkitt Lymphoma,Disorder:EBV positive						4d6f679f-3f57-4322-a687-d567b47324c7	246	242	3	na	na	31	20	11	na	na	27076	26698	378	na	na	0.8591	0.6089	0.8485	0.7507	400.0000	61538	0.003933	no data	no data	0.92561239	0.912690222	v2	Human-IGH-PD1x	Published	04/14/15 03:39:15	03/12/15 10:19:04	0.9837			no data	no data	130
IGH_009-0202_tumor	d0d394ee-0a59-435b-a63e-9096262915b0	Human	IGH	Survey	fbaae9ec-1845-4a40-af92-4917fd94c6d1					Cancer:Burkitt Lymphoma,Disorder:EBV positive,Virus Diseases:HIV Neg					Sample	640e8af2-9152-45e6-9c36-19ad88df55d7	37117	37070	35	11	na	399	374	15	10	na	562423	561711	538	174	na	0.8734	1.0817	0.8728	1.0991	800.0000	123076	0.301196	no data	no data	0.703488111	0.702597499	v2	Human-IGH-PD1x	Published	04/18/14 07:08:15	04/06/14 08:03:50	0.9987			no data	no data	130
IGKL_009-0128_tumor	45920af6-17be-49b8-ac4d-2311879ee169	Human	IGKL	Survey	fbaae9ec-1845-4a40-af92-4917fd94c6d1					Cancer:Burkitt Lymphoma					Sample	7928f75f-6577-48b9-946a-69e296eb4fff	259145	176444	82685	15	na	846	447	375	24	na	7492926	5101709	2390771	446	na	0.9965	0.0304	0.8925	1.0458	800.0000	123076	1.433618	no data	no data	0.998114765	0.67958647	v2	Human-IGKL-PD1x	Published	05/21/14 04:45:26	05/21/14 04:22:41	0.6809			no data	no data	130
IGKL_K00138500_tumor	6ca42d56-0118-44da-b441-f534981f8c16	Human	IGKL	Survey	fbaae9ec-1845-4a40-af92-4917fd94c6d1					Cancer:Burkitt Lymphoma,Disorder:EBV positive						4837dfc4-9a32-42ca-9eb8-d40d0e9a0142	4796	3763	967	64	na	1285	630	624	31	na	251631	197441	50783	3407	na	0.6618	3.1454	0.5469	4.6798	1839.3600	282978	0.013298	no data	no data	0.638180494	0.500745118	v2	Human-IGKL-PD1x	Published	06/05/15 04:35:37	06/01/15 03:05:26	0.7846			no data	no data	130
IGKL_K00090800_tumor	02e6df14-25b7-4a33-ab38-d07ba0880b1e	Human	IGKL	Survey	fbaae9ec-1845-4a40-af92-4917fd94c6d1					Cancer:Burkitt Lymphoma,Disorder:EBV positive						503f85b3-4609-4b12-a088-8152cd7e71a6	37868	23072	14527	267	na	19091	10675	8185	231	na	689073	419850	264361	4862	na	0.1055	11.9705	0.1005	12.7907	1278.7200	196726	0.117280	no data	no data	0.007109682225606292	0.0103907716	v2	Human-IGKL-PD1x	Published	12/10/15 04:11:57	11/23/15 11:41:57	0.6093			no data	no data	130
IGKL_K00093400_tumor	0040f617-4264-49b3-9bea-589d28c26f4c	Human	IGKL	Survey	fbaae9ec-1845-4a40-af92-4917fd94c6d1					Cancer:Burkitt Lymphoma,Disorder:EBV positive						644e72d4-9745-4d7e-8afd-8c09379c3ac0	584712	479938	104757	15	na	718	472	239	7	na	7886910	6473673	1413023	214	na	0.8148	1.6451	0.7851	2.0387	1733.7600	266732	1.799327	no data	no data	0.450668871	0.369914591	v2	Human-IGKL-PD1x	Published	12/10/15 04:11:57	11/23/15 11:41:33	0.8208			no data	no data	130
IGKL_009-0186_tumor	8aec1410-1658-42b6-9d2e-bb4506d4e942	Human	IGKL	Survey	fbaae9ec-1845-4a40-af92-4917fd94c6d1					Cancer:Burkitt Lymphoma,Disorder:EBV positive,Virus Diseases:HIV Neg					Sample	5df8e8c1-cc83-41fc-b671-598a20019aca	108664	45033	63610	19	na	914	458	432	24	na	2311763	958066	1353285	412	na	0.9487	0.4531	0.8724	1.2552	800.0000	123076	0.365896	no data	no data	0.950140178	0.57992363	v2	Human-IGKL-PD1x	Published	05/21/14 04:45:30	05/21/14 04:22:49	0.4144			no data	no data	130
IGH_K00139500_tumor	85009212-95e0-49fa-a3ce-1d618297baff	Human	IGH	Survey	fbaae9ec-1845-4a40-af92-4917fd94c6d1					Cancer:Burkitt Lymphoma						729b2665-14d7-41d2-b760-98cbef695cd5	22327	22289	36	na	na	142	100	41	1	na	1073890	1072103	1769	18	na	0.9954	0.0303	0.9923	0.0550	1287.6801	198104	0.112512	no data	no data	0.998157799	0.996496856	v2	Human-IGH-PD1x	Published	06/05/15 04:35:37	05/27/15 10:49:10	0.9983			no data	no data	130
TCRB_K00108900_tumor	0c906246-4e4a-44fb-aa09-1f664d2cda86	Human	TCRB	KIT	fbaae9ec-1845-4a40-af92-4917fd94c6d1					Cancer:Burkitt Lymphoma,Disorder:EBV positive		[]			Sample	38a0bf1e-475f-4a5b-9866-2f44314e8a64	1733	1353	345	35	na	1257	967	266	24	na	na	na	na	na	na	0.0607	9.3157	0.0511	9.7699	no data	no data	no data	no data	no data	0.0495195873	0.0386612825	v3	Human-TCRB-PD1x	Published	07/27/15 10:17:00	07/23/15 01:07:05	0.7807			no data	no data	87
IGH_009-0186_tumor	8ad7500a-df37-4ebc-9c13-d8e12586f133	Human	IGH	Survey	fbaae9ec-1845-4a40-af92-4917fd94c6d1					Cancer:Burkitt Lymphoma,Disorder:EBV positive,Virus Diseases:HIV Neg					Sample	7c23340c-36b8-4a94-aa57-8a6d7aa89c53	181	159	18	2	na	146	120	22	4	na	4143	3660	428	55	na	0.2521	5.1657	0.2236	5.5819	800.0000	123076	0.001292	no data	no data	0.272950828	0.241129622	v2	Human-IGH-PD1x	Published	04/18/14 07:08:15	04/06/14 08:03:48	0.8785			no data	no data	130
TCRB_009-0249_tumor	b66711b6-f87e-4c01-bced-01bb89e675aa	Human	TCRB	KIT	fbaae9ec-1845-4a40-af92-4917fd94c6d1					Cancer:Burkitt Lymphoma,Disorder:EBV positive,Virus Diseases:HIV Neg					Sample	ff57ed86-686b-43bf-ad10-c4d35e1f2e88	3004	2348	602	54	na	2233	1720	467	46	na	na	na	na	na	na	0.0295	10.4315	0.0262	10.8334	no data	no data	no data	no data	no data	0.0178875644	0.0139813581	v3	Human-TCRB-PD1x	Published	08/04/15 11:49:56	07/16/15 10:15:48	0.7816			no data	no data	87
IGH_009-0128_tumor	7daa565f-a00b-4c00-9740-033b7947cade	Human	IGH	Survey	fbaae9ec-1845-4a40-af92-4917fd94c6d1					Cancer:Burkitt Lymphoma					Sample	216c5159-e399-4514-b745-765ebc8c77d7	105	98	6	na	na	21	7	14	na	na	1694	1586	108	na	na	0.6578	0.9607	0.6638	1.4766	800.0000	123076	0.000796	no data	no data	0.784363151	0.734356582	v2	Human-IGH-PD1x	Published	04/18/14 07:08:10	04/06/14 08:03:44	0.9333			no data	no data	130
IGH_K00090900_tumor	260472be-60fd-4f17-822b-1a09afab4748	Human	IGH	Survey	fbaae9ec-1845-4a40-af92-4917fd94c6d1					Cancer:Burkitt Lymphoma,Disorder:EBV positive						835c05f9-ce08-4a3e-897b-fd43bf5da6fd	21443	21054	382	6	na	999	866	121	12	na	300290	294846	5357	87	na	0.7531	2.4090	0.7420	2.5704	1646.4000	253292	0.083121	no data	no data	0.421263993	0.41362682	v2	Human-IGH-PD1x	Published	12/10/15 04:11:57	11/02/15 10:49:04	0.9819			no data	no data	130
IGH_K00094900_tumor	cc192bf5-d421-44ac-9c04-9e2ebce9cefa	Human	IGH	Survey	fbaae9ec-1845-4a40-af92-4917fd94c6d1					Cancer:Burkitt Lymphoma,Disorder:EBV positive						a2596fa1-e45d-4fec-9ac5-d52f74890f13	41135	41081	51	2	na	638	575	56	7	na	1764466	1762177	2191	98	na	0.8699	1.1923	0.8700	1.2115	1614.4000	248369	0.165403	no data	no data	0.719925404	0.718991458	v2	Human-IGH-PD1x	Published	12/10/15 04:11:57	11/09/15 12:03:24	0.9987			no data	no data	130
TCRB_009-0148_tumor	ceb1c5c0-2cb7-4238-ac14-934c95dd673c	Human	TCRB	KIT	fbaae9ec-1845-4a40-af92-4917fd94c6d1					Cancer:Burkitt Lymphoma,Disorder:EBV positive,Virus Diseases:HIV Neg		[]			Sample	a8cbc2dd-d978-4f4c-9072-44e78caacf2d	6235	4773	1347	115	na	5074	3872	1108	94	na	na	na	na	na	na	0.0240	11.6329	0.0228	12.0286	no data	no data	no data	no data	no data	0.0138277812	0.0105854049	v3	Human-TCRB-PD1x	Published	09/12/16 11:30:33	09/12/16 11:26:28	0.7655			no data	no data	87
TCRB_K00093400_tumor	0dffd002-c0b3-4af3-83f3-7deb772e49ba	Human	TCRB	KIT	fbaae9ec-1845-4a40-af92-4917fd94c6d1					Cancer:Burkitt Lymphoma,Disorder:EBV positive					Sample	d8f5f86b-38a9-4ee9-bffc-c2801bd79b93	11924	9378	2321	225	na	4175	3277	820	78	na	na	na	na	na	na	0.1384	10.0622	0.1354	10.3987	no data	no data	no data	no data	no data	0.0354020037	0.027843006	v3	Human-TCRB-PD1x	Published	11/10/15 02:12:13	11/04/15 04:57:00	0.7865			no data	no data	87
TCRB_K00139000_tumor	9be77e6a-ed46-487c-a2ee-58dfaf86a4fa	Human	TCRB	KIT	fbaae9ec-1845-4a40-af92-4917fd94c6d1					Cancer:Burkitt Lymphoma,Disorder:EBV positive					Sample	fbefbff8-1c9e-4d19-bac9-fe8f7af8a8eb	31006	24531	6217	258	na	8294	6495	1643	156	na	na	na	na	na	na	0.2242	9.8254	0.2151	10.2182	no data	no data	no data	no data	no data	0.0494884029	0.0391537137	v3	Human-TCRB-PD1x	Published	05/19/15 03:37:12	05/12/15 10:15:37	0.7912			no data	no data	87
TCRB_K00095400_tumor	f22e1412-14ce-4289-a83c-6e9224f862b0	Human	TCRB	KIT	fbaae9ec-1845-4a40-af92-4917fd94c6d1					Cancer:Burkitt Lymphoma,Disorder:EBV positive		[]			Sample	712b81f6-e9be-48f4-9187-ab624a3fc15f	1901	1487	376	38	na	1561	1241	287	33	na	na	na	na	na	na	0.0140	10.1334	0.0181	10.4166	no data	no data	no data	no data	no data	0.010087424	0.008942661993145718	v3	Human-TCRB-PD1x	Published	11/10/15 02:12:13	11/04/15 04:56:38	0.7822			no data	no data	87
TCRB_K00090300_tumor	dc336758-f475-4794-b462-b87f133cdf0b	Human	TCRB	KIT	fbaae9ec-1845-4a40-af92-4917fd94c6d1					Cancer:Burkitt Lymphoma,Disorder:EBV positive		[]			Sample	97d6a180-fb1b-465b-b490-16c988a0abd6	2139	1670	436	33	na	1425	1085	317	23	na	na	na	na	na	na	0.0427	9.6532	0.0387	10.0718	no data	no data	no data	no data	no data	0.0173652694	0.0135577377	v3	Human-TCRB-PD1x	Published	09/12/16 11:30:33	09/12/16 11:28:38	0.7807			no data	no data	87
IGKL_K00048000_tumor	09327fc9-793f-47c3-a5da-6ba3226d719f	Human	IGKL	Survey	fbaae9ec-1845-4a40-af92-4917fd94c6d1					Cancer:Burkitt Lymphoma,Disorder:EBV positive						9240d0aa-4de5-4cab-9e76-085ee329d2af	15532	2180	13351	na	na	124	49	73	2	na	188902	26514	162382	6	na	0.9428	0.3213	0.8848	0.8014	400.0000	61538	0.035425	no data	no data	0.971863925	0.842495024	v2	Human-IGKL-PD1x	Published	12/14/15 09:52:59	12/14/15 09:52:15	0.1404			no data	no data	130
IGKL_009-0209_tumor	48049c0a-c5c8-40e9-ad20-6b22cf10cf2d	Human	IGKL	Survey	fbaae9ec-1845-4a40-af92-4917fd94c6d1					Cancer:Burkitt Lymphoma,Disorder:EBV positive,Virus Diseases:HIV Neg					Sample	9560722c-576b-4125-89e4-f985a67c949a	20908	20561	330	15	na	541	305	216	20	na	534332	525478	8454	400	na	0.9628	0.3068	0.9403	0.5418	800.0000	123076	0.167059	no data	no data	0.978343546	0.962132156	v2	Human-IGKL-PD1x	Published	05/21/14 04:45:30	05/21/14 04:22:54	0.9834			no data	no data	130
TCRB_009-0109_tumor	97e34d6a-0619-48d2-8fd9-b397da47e030	Human	TCRB	KIT	fbaae9ec-1845-4a40-af92-4917fd94c6d1					Cancer:Burkitt Lymphoma,Disorder:EBV positive,Virus Diseases:HIV Neg		[]			Sample	a8a3c619-01ea-4b43-bc55-e924da6ff49f	2868	2096	714	58	na	1823	1338	454	31	na	na	na	na	na	na	0.0519	9.8466	0.0515	10.2743	no data	no data	no data	no data	no data	0.0162213743	0.0135983266	v3	Human-TCRB-PD1x	Published	07/15/15 09:37:18	07/10/15 10:44:59	0.7308			no data	no data	87
TCRB_K00090900_tumor	7e6e49f3-e505-42c0-b68e-f23fb591a69c	Human	TCRB	KIT	fbaae9ec-1845-4a40-af92-4917fd94c6d1					Cancer:Burkitt Lymphoma,Disorder:EBV positive		[]			Sample	5c7b5ee0-7530-4bb9-b891-df5705b7bcca	26955	22055	4493	407	na	9429	7264	2004	161	na	na	na	na	na	na	0.1607	10.7654	0.1422	11.3259	no data	no data	no data	no data	no data	0.0465200618	0.0380634405	v3	Human-TCRB-PD1x	Published	11/06/15 09:05:49	11/05/15 01:12:57	0.8182			no data	no data	87
TCRB_009-0209_tumor	d7b2a85f-2ddf-4936-8cd2-e369daae52e9	Human	TCRB	KIT	fbaae9ec-1845-4a40-af92-4917fd94c6d1					Cancer:Burkitt Lymphoma,Disorder:EBV positive,Virus Diseases:HIV Neg		[]			Sample	89fd3558-11f5-4807-9658-47b71201bbff	4749	3526	1142	81	na	3070	2303	708	59	na	na	na	na	na	na	0.0775	10.3040	0.0765	10.6975	no data	no data	no data	no data	no data	0.0467952341	0.0347441584	v3	Human-TCRB-PD1x	Published	08/04/15 11:49:56	07/16/15 10:15:31	0.7425			no data	no data	87
TCRB_K00108600_tumor	97ff3d91-ff8b-4aed-acbc-cfc19840db26	Human	TCRB	KIT	fbaae9ec-1845-4a40-af92-4917fd94c6d1					Cancer:Burkitt Lymphoma,Disorder:EBV positive		[]			Sample	9b8ec85b-72aa-408c-b185-d7f734c47853	178391	135413	40194	2784	na	76344	57313	17535	1496	na	na	na	na	na	na	0.0983	14.2522	0.0953	14.6751	no data	no data	no data	no data	no data	0.0153234918	0.0116317524	v3	Human-TCRB-PD1x	Published	06/02/15 01:57:58	06/02/15 10:19:02	0.7591			no data	no data	87
TCRB_009-0210_tumor	6ac227e4-b036-48e2-95f9-42605db83157	Human	TCRB	KIT	fbaae9ec-1845-4a40-af92-4917fd94c6d1					Cancer:Burkitt Lymphoma,Disorder:EBV positive,Virus Diseases:HIV Neg		[]			Sample	a5cbd26c-59b0-49d1-bea5-4ea60ff672b5	2023	1599	407	17	na	807	628	166	13	na	na	na	na	na	na	0.1204	8.1755	0.1181	8.5159	no data	no data	no data	no data	no data	0.0375234522	0.0331191309	v3	Human-TCRB-PD1x	Published	08/04/15 11:49:56	07/16/15 10:15:37	0.7904			no data	no data	87
TCRB_K00138500_tumor	21c03d6c-81ff-422a-a001-5d2a7f4e99e3	Human	TCRB	KIT	fbaae9ec-1845-4a40-af92-4917fd94c6d1					Cancer:Burkitt Lymphoma,Disorder:EBV positive		[]			Sample	46f1f315-b35b-48e5-a22c-e4efc51c8d33	204789	151525	51494	1770	na	17793	13484	4010	299	na	na	na	na	na	na	0.3577	8.8110	0.3470	9.2202	no data	no data	no data	no data	no data	0.101428807	0.0750479773	v3	Human-TCRB-PD1x	Published	06/02/15 01:57:58	06/02/15 10:26:00	0.7399			no data	no data	87
IGH_009-0182_tumor	0aa91757-5c68-48cd-9f4c-a6871826d91d	Human	IGH	Survey	fbaae9ec-1845-4a40-af92-4917fd94c6d1					Cancer:Burkitt Lymphoma,Disorder:EBV positive,Virus Diseases:HIV Neg					Sample	52b57c8f-a5e4-4a1a-af97-4b94c6d0d5ff	1742	1729	8	3	na	160	126	23	11	na	177026	175802	912	312	na	0.9024	0.6807	0.8954	0.7660	800.0000	123076	0.014048	no data	no data	0.895916998	0.889722407	v2	Human-IGH-PD1x	Published	04/18/14 07:08:15	04/06/14 08:03:47	0.9925			no data	no data	130
IGKL_K00091800_tumor	185beba9-09c4-4dd3-a9d9-71371def6212	Human	IGKL	Survey	fbaae9ec-1845-4a40-af92-4917fd94c6d1					Cancer:Burkitt Lymphoma,Disorder:EBV positive						60ab530b-79fb-4667-a159-f6ac6321ed3a	58309	22366	35823	118	na	239	71	148	20	na	122025	46808	74968	249	na	0.9832	0.1031	0.8523	1.1666	624.6400	96098	0.232742	no data	no data	0.99260813	0.603950024	v2	Human-IGKL-PD1x	Published	12/10/15 04:11:57	12/10/15 02:49:38	0.3836			no data	no data	130
IGKL_009-0249_tumor	07435b1a-94e1-4b5f-9eca-2ae9d2176238	Human	IGKL	Survey	fbaae9ec-1845-4a40-af92-4917fd94c6d1					Cancer:Burkitt Lymphoma,Disorder:EBV positive,Virus Diseases:HIV Neg					Sample	6bc1b092-c2a1-4619-b525-65c9717c2a81	26583	23202	3380	na	na	193	133	59	1	na	464254	405209	59042	3	na	0.9891	0.0772	0.9172	0.6288	400.0000	61538	0.377035	no data	no data	0.994787872	0.868268251	v2	Human-IGKL-PD1x	Published	11/11/14 10:44:52	11/10/14 09:43:40	0.8728			no data	no data	130
IGKL_K00094900_tumor	d234ad57-d027-4a42-a93f-41f22d93ae6b	Human	IGKL	Survey	fbaae9ec-1845-4a40-af92-4917fd94c6d1					Cancer:Burkitt Lymphoma,Disorder:EBV positive						6f50354b-8478-40b6-898d-0d570f11f795	168925	162064	6855	5	na	806	554	234	18	na	4005064	3842396	162531	137	na	0.9252	0.6821	0.9048	0.9191	1417.9200	218141	0.742932	no data	no data	0.838390172	0.804338455	v2	Human-IGKL-PD1x	Published	12/10/15 04:11:57	11/23/15 11:41:28	0.9594			no data	no data	130
IGKL_K00108600_tumor	ff46480a-86d7-4a9d-a62d-55b01d9b49f3	Human	IGKL	Survey	fbaae9ec-1845-4a40-af92-4917fd94c6d1					Cancer:Burkitt Lymphoma,Disorder:EBV positive						897de1e8-f15a-4f84-8b56-1804a3ef0d91	89848	41686	47562	599	na	9183	4803	4204	176	na	858086	398125	454238	5723	na	0.6666	4.0769	0.6077	5.1643	400.0000	61538	0.677403	no data	no data	0.71110332	0.32992962	v2	Human-IGKL-PD1x	Published	04/14/15 03:39:15	04/14/15 09:53:43	0.4640			no data	no data	130
IGH_K00048000_tumor	4d5cc90d-d6e4-4525-942b-4e6c1ec2624e	Human	IGH	Survey	fbaae9ec-1845-4a40-af92-4917fd94c6d1					Cancer:Burkitt Lymphoma,Disorder:EBV positive						89a54e13-0dec-4446-a60a-97b6c8bdf4a8	59	52	5	1	na	54	39	11	4	na	6663	5896	565	202	na	0.1056	4.7275	0.1284	5.0158	400.0000	61538	0.000845	no data	no data	0.1197422	0.105958275	v2	Human-IGH-PD1x	Published	12/14/15 09:52:59	11/10/15 01:17:06	0.8814			no data	no data	130
IGH_K00115400_tumor	a18f89cb-f7c1-42bb-a332-7f93ccd2f0af	Human	IGH	Survey	fbaae9ec-1845-4a40-af92-4917fd94c6d1					Cancer:Burkitt Lymphoma,Disorder:EBV positive						b19c71b4-cbf2-486b-9eb4-ed94dca6e57b	62	50	10	1	na	43	28	14	1	na	5117	4154	838	125	na	0.3607	3.0733	0.3054	3.7693	400.0000	61538	0.000813	no data	no data	0.391670674	0.317959756	v2	Human-IGH-PD1x	Published	12/14/15 09:52:59	11/10/15 01:16:48	0.8065			no data	no data	130
IGKL_K00098500_tumor	a140804d-4de8-4518-97bb-4060a53b3674	Human	IGKL	Survey	fbaae9ec-1845-4a40-af92-4917fd94c6d1					Cancer:Burkitt Lymphoma,Disorder:EBV positive						69d652e1-6e04-47c7-a36d-93515d67974d	27408	1560	25741	105	na	5573	728	4764	81	na	489161	27856	459424	1881	na	0.2139	7.4736	0.3833	7.6738	400.0000	61538	0.025350	no data	no data	0.171812177	0.212901279	v2	Human-IGKL-PD1x	Published	12/14/15 09:52:59	12/02/15 09:55:49	0.0569			no data	no data	130
IGKL_K00142100_tumor	89ea796c-4a7d-462b-87be-e9ba2efcfb0a	Human	IGKL	Survey	fbaae9ec-1845-4a40-af92-4917fd94c6d1					Cancer:Burkitt Lymphoma,Disorder:EBV positive						8c4836c8-2baf-4214-9746-28b2d9d2527f	9396	9048	343	4	na	550	352	188	10	na	153996	148298	5623	75	na	0.8821	0.9974	0.8448	1.4132	400.0000	61538	0.147031	no data	no data	0.902790308	0.869386196	v2	Human-IGKL-PD1x	Published	12/14/15 09:52:59	11/23/15 11:43:47	0.9630			no data	no data	130
TCRB_K00065600_tumor	03b06416-133f-46a5-ad68-612f02fa52e3	Human	TCRB	KIT	fbaae9ec-1845-4a40-af92-4917fd94c6d1					Cancer:Burkitt Lymphoma,Disorder:EBV positive		[]			Sample	86279d39-9130-458d-b901-5abd26427515	118785	90746	27638	401	na	9334	7291	1902	141	na	na	na	na	na	na	0.3895	7.8341	0.3947	7.9824	no data	no data	no data	no data	no data	0.18951799	0.144782588	v3	Human-TCRB-PD1x	Published	01/07/16 10:50:37	01/05/16 03:14:39	0.7640			no data	no data	87
TCRB_K00129600_tumor	bf95622e-320a-4616-866c-ca066ccb8bce	Human	TCRB	KIT	fbaae9ec-1845-4a40-af92-4917fd94c6d1					Cancer:Burkitt Lymphoma,Disorder:EBV positive		[]			Sample	ade18ac5-da57-4135-b595-6f19ee683f0c	2695	1947	720	28	na	898	674	210	14	na	na	na	na	na	na	0.1204	8.2652	0.1291	8.5438	no data	no data	no data	no data	no data	0.0652285591	0.0471243039	v3	Human-TCRB-PD1x	Published	11/10/15 02:12:13	11/04/15 04:56:03	0.7224			no data	no data	87
IGKL_009-0210_tumor	0777861d-616c-4833-828b-bb3e30dc9ce5	Human	IGKL	Survey	fbaae9ec-1845-4a40-af92-4917fd94c6d1					Cancer:Burkitt Lymphoma,Disorder:EBV positive,Virus Diseases:HIV Neg					Sample	7efd0d4d-8e34-4463-b4ff-571e35a8c818	11352	11296	50	5	na	305	240	58	7	na	585041	582177	2591	273	na	0.9571	0.3391	0.9513	0.4019	800.0000	123076	0.091781	no data	no data	0.967932463	0.963194013	v2	Human-IGKL-PD1x	Published	05/21/14 04:45:30	05/21/14 04:22:55	0.9951			no data	no data	130
IGH_009-0232_tumor	473f295d-dfb9-4853-94a0-bc0dfec2d26a	Human	IGH	Survey	fbaae9ec-1845-4a40-af92-4917fd94c6d1					Cancer:Burkitt Lymphoma,Disorder:EBV positive,Virus Diseases:HIV Neg					Sample	8e933840-280c-4162-9d89-4eed8b62b633	8115	8075	31	7	na	484	432	38	14	na	629507	626459	2466	582	na	0.9589	0.3594	0.9528	0.4213	800.0000	123076	0.065610	no data	no data	0.974552214	0.969833553	v2	Human-IGH-PD1x	Published	04/18/14 07:08:15	04/06/14 08:03:54	0.9951			no data	no data	130
TCRB_009-0186_tumor	d46c8aa3-f711-40e3-a3a4-d0a17c2a2e0e	Human	TCRB	KIT	fbaae9ec-1845-4a40-af92-4917fd94c6d1					Cancer:Burkitt Lymphoma,Disorder:EBV positive,Virus Diseases:HIV Neg		[]			Sample	8d1f7765-32fe-41f3-a14a-61cc704842a0	5579	4085	1357	137	na	3138	2282	780	76	na	na	na	na	na	na	0.0435	10.6709	0.0454	11.0883	no data	no data	no data	no data	no data	0.0149326809	0.016490411	v3	Human-TCRB-PD1x	Published	09/12/16 11:30:33	09/12/16 11:28:15	0.7322			no data	no data	87
TCRB_009-0202_tumor	4cd8c377-1ddc-4fcb-83ae-5fec3ecd53c5	Human	TCRB	KIT	fbaae9ec-1845-4a40-af92-4917fd94c6d1					Cancer:Burkitt Lymphoma,Disorder:EBV positive,Virus Diseases:HIV Neg		[]			Sample	0de2e97c-aa53-43ce-9039-0b848d6720ed	2215	1754	426	35	na	981	765	197	19	na	na	na	na	na	na	0.1354	8.2825	0.1273	8.6730	no data	no data	no data	no data	no data	0.0849486887	0.0672686249	v3	Human-TCRB-PD1x	Published	09/12/16 11:30:33	09/12/16 11:28:33	0.7919			no data	no data	87
TCRB_K00133300_tumor	451af028-9275-44e0-8228-de74247995cf	Human	TCRB	KIT	fbaae9ec-1845-4a40-af92-4917fd94c6d1					Cancer:Burkitt Lymphoma,Disorder:EBV positive		[]			Sample	1a28d856-2c8e-46f6-ab65-7ca5f54c0522	16654	13361	3155	138	na	3303	2613	634	56	na	na	na	na	na	na	0.1556	9.5849	0.1560	9.8663	no data	no data	no data	no data	no data	0.0175136589	0.0216764733	v3	Human-TCRB-PD1x	Published	06/02/15 01:57:58	06/02/15 10:25:49	0.8023			no data	no data	87
IGH_K00090200_tumor	de0e38bc-6b15-47e7-bfc2-c443a5062679	Human	IGH	Survey	fbaae9ec-1845-4a40-af92-4917fd94c6d1					Cancer:Burkitt Lymphoma,Disorder:EBV positive						90ff9f2a-1b7d-4a75-aa94-77e9872ae4b2	1020	1010	7	2	na	98	70	24	4	na	77583	76879	548	156	na	0.9386	0.3761	0.9266	0.4856	1673.6000	257476	0.003923	no data	no data	0.968573987	0.959784985	v2	Human-IGH-PD1x	Published	12/10/15 04:11:57	11/09/15 12:03:59	0.9902			no data	no data	130
TCRB_009-0174_tumor	7efed6df-b4c1-4614-b65f-7037b69e860e	Human	TCRB	KIT	fbaae9ec-1845-4a40-af92-4917fd94c6d1					Cancer:Burkitt Lymphoma,Disorder:EBV positive,Virus Diseases:HIV Neg		[]			Sample	993b827a-6356-4fa8-8fd2-7b4affc4b694	2878	2305	540	33	na	2059	1622	408	29	na	na	na	na	na	na	0.0326	10.3157	0.0297	10.6809	no data	no data	no data	no data	no data	0.0104121473	0.008339124900785278	v3	Human-TCRB-PD1x	Published	09/12/16 11:30:33	09/12/16 11:27:04	0.8009			no data	no data	87
IGKL_009-0148_tumor	2afe94c0-0d33-415c-8de0-2903a344801d	Human	IGKL	Survey	fbaae9ec-1845-4a40-af92-4917fd94c6d1					Cancer:Burkitt Lymphoma,Disorder:EBV positive,Virus Diseases:HIV Neg					Sample	7b63c694-5ab1-432c-a4e6-c3bc69de1bce	292488	80894	211550	42	na	3471	1615	1791	65	na	5205184	1439613	3764806	765	na	0.9136	0.9206	0.8493	1.7730	800.0000	123076	0.657269	no data	no data	0.912284732	0.583730578	v2	Human-IGKL-PD1x	Published	05/21/14 04:45:30	05/21/14 04:22:42	0.2766			no data	no data	130
TCRB_009-0171_tumor	37a728d9-2ed3-4ac7-8ccd-c6a036e844fb	Human	TCRB	KIT	fbaae9ec-1845-4a40-af92-4917fd94c6d1					Cancer:Burkitt Lymphoma,Disorder:EBV positive,Virus Diseases:HIV Neg		[]			Sample	831d5577-6da7-4302-8f36-abadfe2fb29f	2350	1880	438	32	na	1751	1360	365	26	na	na	na	na	na	na	0.0392	10.0012	0.0340	10.4081	no data	no data	no data	no data	no data	0.0244680848	0.019574469	v3	Human-TCRB-PD1x	Published	07/15/15 09:37:18	07/10/15 10:45:36	0.8000			no data	no data	87
IGKL_K00090200_tumor	4ecf9763-8dee-4465-bcd4-6502a33fbb76	Human	IGKL	Survey	fbaae9ec-1845-4a40-af92-4917fd94c6d1					Cancer:Burkitt Lymphoma,Disorder:EBV positive						aa7efd19-e997-4448-8032-3dc64fc96e92	144401	144269	127	3	na	539	406	128	5	na	1655026	1653520	1465	41	na	0.9164	0.7247	0.9184	0.7402	1618.8800	249058	0.579259	no data	no data	0.863628507	0.862842619	v2	Human-IGKL-PD1x	Published	12/10/15 04:11:57	11/23/15 11:42:30	0.9991			no data	no data	130
TCRB_K00130800_tumor	ef02a676-9b0c-4715-a784-b5a665e9ad06	Human	TCRB	KIT	fbaae9ec-1845-4a40-af92-4917fd94c6d1					Cancer:Burkitt Lymphoma,Disorder:EBV positive		[]			Sample	ba917722-256b-40da-a3ce-7448d20bb071	1222	904	290	28	na	905	673	212	20	na	na	na	na	na	na	0.0385	9.0332	0.0361	9.4675	no data	no data	no data	no data	no data	0.0331858397	0.0245499182	v3	Human-TCRB-PD1x	Published	11/06/15 09:05:49	11/05/15 01:11:44	0.7398			no data	no data	87
IGKL_K00130800_tumor	987e04db-219c-49b9-876d-8d1995b8b3fe	Human	IGKL	Survey	fbaae9ec-1845-4a40-af92-4917fd94c6d1					Cancer:Burkitt Lymphoma,Disorder:EBV positive						94a3573f-7597-4a36-ac33-1265085e51d1	27594	27482	108	2	na	163	85	75	3	na	350401	348987	1376	38	na	0.9942	0.0369	0.9874	0.0925	400.0000	61538	0.446586	no data	no data	0.997618794	0.993593037	v2	Human-IGKL-PD1x	Published	12/14/15 09:52:59	11/23/15 11:43:58	0.9959			no data	no data	130
TCRB_K00106900_tumor	f5fe6ca2-cdd2-465a-a28d-990f50970964	Human	TCRB	KIT	fbaae9ec-1845-4a40-af92-4917fd94c6d1					Cancer:Burkitt Lymphoma,Disorder:EBV positive		[]			Sample	5ab32bbb-b466-40d2-80da-14845eed4335	44776	35391	8970	415	na	9929	7767	1985	177	na	na	na	na	na	na	0.3296	8.6638	0.3141	9.1067	no data	no data	no data	no data	no data	0.152694181	0.120689653	v3	Human-TCRB-PD1x	Published	11/10/15 02:12:13	11/04/15 04:56:11	0.7904			no data	no data	87
TCRB_K00114000_tumor	025199bc-049d-4149-aba4-4055d8674f59	Human	TCRB	KIT	fbaae9ec-1845-4a40-af92-4917fd94c6d1					Cancer:Burkitt Lymphoma,Disorder:EBV positive		[]			Sample	78d5f74e-4cd9-4e41-9241-f355e9be496d	19657	17244	2325	88	na	2236	1830	366	40	na	na	na	na	na	na	0.2457	8.1747	0.2303	8.5639	no data	no data	no data	no data	no data	0.0981790796	0.08612708	v3	Human-TCRB-PD1x	Published	06/02/15 01:57:58	06/02/15 10:25:26	0.8772			no data	no data	87
TCRB_009-0128_tumor	712ec76c-9586-4be2-ad9c-9e490d8415ac	Human	TCRB	KIT	fbaae9ec-1845-4a40-af92-4917fd94c6d1					Cancer:Burkitt Lymphoma		[]			Sample	75b5fd94-0a50-4292-956a-877a5e3d8bbf	3677	2909	713	55	na	2044	1557	456	31	na	na	na	na	na	na	0.0629	9.9379	0.0561	10.3799	no data	no data	no data	no data	no data	0.0189068411	0.0149578461	v3	Human-TCRB-PD1x	Published	07/15/15 09:37:18	07/10/15 10:45:16	0.7911			no data	no data	87
IGH_K00093400_tumor	1c85b21d-9c50-4ed0-88e7-70d6779167c8	Human	IGH	Survey	fbaae9ec-1845-4a40-af92-4917fd94c6d1					Cancer:Burkitt Lymphoma,Disorder:EBV positive						7fb40cb6-5c4b-4689-ac81-dbf2c2d823aa	73587	73475	104	6	na	420	343	62	15	na	3092988	3088314	4394	280	na	0.9821	0.1504	0.9803	0.1720	1588.1600	244332	0.300718	no data	no data	0.988702595	0.987208486	v2	Human-IGH-PD1x	Published	12/10/15 04:11:57	11/09/15 12:03:31	0.9985			no data	no data	130
IGH_K00132000_tumor	0905e195-ef23-487b-9ac7-050fac6cd038	Human	IGH	Survey	fbaae9ec-1845-4a40-af92-4917fd94c6d1					Cancer:Burkitt Lymphoma,Disorder:EBV positive						98fa071b-44f7-4955-987c-04e0b786b7c8	5509	4899	541	68	na	1948	1652	245	51	na	259203	230514	25456	3233	na	0.2719	7.7830	0.2630	8.0532	1224.3200	188356	0.026009	no data	no data	0.0833528563	0.0741272271	v2	Human-IGH-PD1x	Published	07/29/15 04:09:19	07/27/15 10:33:14	0.8893			no data	no data	130
IGKL_009-0231_tumor	aea8a98c-dd34-434b-a195-c9fd3d208ec0	Human	IGKL	Survey	fbaae9ec-1845-4a40-af92-4917fd94c6d1					Cancer:Burkitt Lymphoma,Disorder:EBV positive,Virus Diseases:HIV Neg					Sample	7dc4cd17-46e8-4e38-b3d1-60b5cadf9132	730145	230624	499428	92	na	1648	557	1071	20	na	4134693	1305991	2828180	522	na	0.9198	0.7313	0.7989	2.1486	800.0000	123076	1.873834	no data	no data	0.82297045	0.377715826	v2	Human-IGKL-PD1x	Published	05/21/14 04:45:30	05/21/14 04:22:55	0.3159			no data	no data	130
TCRB_009-0231_tumor	058ecc3e-765f-4966-a784-a331dce931c3	Human	TCRB	KIT	fbaae9ec-1845-4a40-af92-4917fd94c6d1					Cancer:Burkitt Lymphoma,Disorder:EBV positive,Virus Diseases:HIV Neg		[]			Sample	9d657e10-bf49-4ee5-9a73-ce6136ad4157	1559	1208	312	39	na	760	577	163	20	na	na	na	na	na	na	0.1731	7.5851	0.1520	8.1152	no data	no data	no data	no data	no data	0.181291386	0.140474662	v3	Human-TCRB-PD1x	Published	08/04/15 11:49:56	07/16/15 10:15:39	0.7749			no data	no data	87
IGKL_K00115400_tumor	be5935eb-319f-4bd6-8d13-6a6f16fb4ee3	Human	IGKL	Survey	fbaae9ec-1845-4a40-af92-4917fd94c6d1					Cancer:Burkitt Lymphoma,Disorder:EBV positive						ace48be2-92e8-4467-87b2-9e8be2bb7ac2	84179	11	83681	486	na	121	10	105	6	na	731451	101	727124	4226	na	0.2667	2.4358	0.8446	1.0750	400.0000	61538	0.000179	no data	no data	0.455445558	0.508072317	v2	Human-IGKL-PD1x	Published	12/14/15 09:52:59	12/10/15 01:47:47	0.0001			no data	no data	130
IGH_K00138500_tumor	bf51e609-5e50-455d-a2b7-1c53ad06db69	Human	IGH	Survey	fbaae9ec-1845-4a40-af92-4917fd94c6d1					Cancer:Burkitt Lymphoma,Disorder:EBV positive						a86f4b6d-9b0b-4f05-bcbd-a3e57130e9c2	293	220	64	7	na	213	170	37	6	na	14196	10697	3135	364	na	0.1328	6.4253	0.1619	6.4822	1247.6801	191950	0.001146	no data	no data	0.0711414441	0.116370812	v2	Human-IGH-PD1x	Published	06/05/15 04:35:37	05/27/15 10:49:13	0.7509			no data	no data	130
IGKL_K00094200_tumor	f7334564-84a8-4e26-9736-6f5979377d26	Human	IGKL	Survey	fbaae9ec-1845-4a40-af92-4917fd94c6d1					Cancer:Burkitt Lymphoma,Disorder:EBV positive						a7056a5c-55db-4bae-b070-7e4f09eda9e6	118755	71356	46257	1141	na	37792	21816	15442	534	na	1032253	620248	402085	9920	na	0.0976	13.0062	0.0894	13.8462	1595.8400	245513	0.290640	no data	no data	0.007869432841165985	0.004728491976839516	v2	Human-IGKL-PD1x	Published	09/16/15 02:34:57	09/16/15 09:55:34	0.6009			no data	no data	130
IGKL_009-0192_tumor	0d4b52ff-234d-4b15-8b74-66b519a88a55	Human	IGKL	Survey	fbaae9ec-1845-4a40-af92-4917fd94c6d1					Cancer:Burkitt Lymphoma,Disorder:EBV positive,Virus Diseases:HIV Neg					Sample	b1c792b3-1fe0-4746-a4cf-31e3c98ba745	160932	81855	79018	57	na	3305	2026	1233	46	na	2558577	1301381	1256283	913	na	0.8473	1.6773	0.7914	2.4387	800.0000	123076	0.665077	no data	no data	0.485245287	0.373926997	v2	Human-IGKL-PD1x	Published	05/21/14 04:45:30	05/21/14 04:22:50	0.5086			no data	no data	130
IGKL_K00064000_tumor	b7f5b82c-0af9-4da3-8cb8-9a37ac73d02c	Human	IGKL	Survey	fbaae9ec-1845-4a40-af92-4917fd94c6d1					Cancer:Burkitt Lymphoma,Disorder:EBV positive						c05a578d-3250-45ac-9eb1-c3869c3baaed	173123	108051	63452	1618	na	93263	62315	29840	1108	na	4994294	3117088	1830503	46703	na	0.0991	14.3494	0.0977	14.8955	1553.9200	239064	0.451975	no data	no data	0.004258141007206727	0.00305388525254357	v2	Human-IGKL-PD1x	Published	12/10/15 04:11:57	12/02/15 09:40:50	0.6241			no data	no data	130
TCRB_009-0112_tumor	ca0a254a-d3c0-49cc-a611-f4eb6de345ae	Human	TCRB	KIT	fbaae9ec-1845-4a40-af92-4917fd94c6d1					Cancer:Burkitt Lymphoma,Virus Diseases:HIV Neg		[]			Sample	c0c84f28-fb3d-4f80-b5e5-e96dbd6cc493	1740	1384	314	42	na	1168	915	224	29	na	na	na	na	na	na	0.0353	9.4908	0.0345	9.8379	no data	no data	no data	no data	no data	0.0187861267	0.0149425287	v3	Human-TCRB-PD1x	Published	07/15/15 09:37:18	07/10/15 10:45:06	0.7954			no data	no data	87
IGH_009-0112_tumor	9d468e18-3493-4337-ac15-120aff6aa60f	Human	IGH	Survey	fbaae9ec-1845-4a40-af92-4917fd94c6d1					Cancer:Burkitt Lymphoma,Virus Diseases:HIV Neg					Sample	cff0f0c5-4fac-48cb-87b7-e6fbca692e3d	55588	54969	602	16	na	579	471	63	45	na	3653478	3612851	39566	1061	na	0.9783	0.1928	0.9682	0.2917	2000.0000	307692	0.178649	no data	no data	0.983646154	0.972707927	v2	Human-IGH-PD1x	Published	12/05/13 12:52:35	12/04/13 11:01:57	0.9889			no data	no data	130
IGH_K00060800_tumor	a0af5a2a-08ec-43d7-ba30-9f66f340a049	Human	IGH	Survey	fbaae9ec-1845-4a40-af92-4917fd94c6d1					Cancer:Burkitt Lymphoma,Disorder:EBV positive						f56f6818-82c6-4b9f-81bc-47888890ce07	103764	103581	180	1	na	2385	2229	149	7	na	5831418	5821181	10131	106	na	0.7435	2.8526	0.7437	2.8756	1763.2000	271261	0.381850	no data	no data	0.394477338	0.393784851	v2	Human-IGH-PD1x	Published	12/10/15 04:11:57	11/09/15 12:04:13	0.9982			no data	no data	130
IGKL_K00126500_tumor	8e7276bf-89b6-48b0-af74-88510ed4aeb9	Human	IGKL	Survey	fbaae9ec-1845-4a40-af92-4917fd94c6d1					Cancer:Burkitt Lymphoma,Disorder:EBV positive						fbf4b9a9-e6cb-463a-83fa-6f167cbdb0be	108164	108065	92	6	na	183	97	82	4	na	2666436	2664010	2271	155	na	0.9970	0.0201	0.9953	0.0354	400.0000	61538	1.756069	no data	no data	0.998744011	0.997835338	v2	Human-IGKL-PD1x	Published	04/14/15 03:39:15	03/20/15 11:24:23	0.9991			no data	no data	130
IGH_009-0231_tumor	6271ce7b-bc82-4cb7-a79e-6fb1d65086e3	Human	IGH	Survey	fbaae9ec-1845-4a40-af92-4917fd94c6d1					Cancer:Burkitt Lymphoma,Disorder:EBV positive,Virus Diseases:HIV Neg					Sample	fe4c8899-09b5-43b1-940c-47a95ff93f7e	18954	12671	6280	2	na	1201	814	377	10	na	1531909	1024137	507574	198	na	0.9594	0.3922	0.8711	1.3184	800.0000	123076	0.102953	no data	no data	0.971902192	0.649752021	v2	Human-IGH-PD1x	Published	04/18/14 07:08:15	04/06/14 08:03:53	0.6685			no data	no data	130
IGKL_K00129600_tumor	390110b9-359b-4fe4-b7e8-c6b899fdc43b	Human	IGKL	Survey	fbaae9ec-1845-4a40-af92-4917fd94c6d1					Cancer:Burkitt Lymphoma,Disorder:EBV positive						8bb94dc1-792d-4d70-95b4-d3216aa61322	106441	105582	816	42	na	2097	1760	318	19	na	757785	751671	5811	303	na	0.8334	1.7966	0.8278	1.8996	1211.2000	186338	0.566615	no data	no data	0.508392632	0.504290819	v2	Human-IGKL-PD1x	Published	09/16/15 02:34:57	09/16/15 09:56:19	0.9919			no data	no data	130
IGH_K00108900_tumor	3224314e-d2d6-48b6-9819-7e5e714dbed2	Human	IGH	Survey	fbaae9ec-1845-4a40-af92-4917fd94c6d1					Cancer:Burkitt Lymphoma,Disorder:EBV positive						7c126762-7f72-4373-abda-5b4cf5460e9f	42423	42387	35	na	na	147	105	40	2	na	2614747	2612532	2172	43	na	0.9869	0.0879	0.9859	0.1012	1068.4800	164381	0.257858	no data	no data	0.992485464	0.991644681	v2	Human-IGH-PD1x	Published	06/05/15 04:35:37	05/27/15 10:49:11	0.9992			no data	no data	130
IGKL_009-0122_tumor	499655a8-030d-40ae-aa27-a0cadd2877de	Human	IGKL	Survey	fbaae9ec-1845-4a40-af92-4917fd94c6d1					Cancer:Burkitt Lymphoma,Virus Diseases:HIV Neg					Sample	7ce06e8d-4832-4972-ad9d-7f56f9c86220	458464	458185	277	1	na	801	687	112	2	na	18605319	18594006	11268	45	na	0.9982	0.0170	0.9971	0.0277	1217.9200	187372	2.445323	no data	no data	0.999047816	0.998440325	v2	Human-IGKL-PD1x	Published	12/05/13 12:52:35	12/05/13 12:50:27	0.9994			no data	no data	130
IGKL_K00061600_tumor	e4c6fb04-6d9b-42f0-ab4d-b81d67d08d82	Human	IGKL	Survey	fbaae9ec-1845-4a40-af92-4917fd94c6d1					Cancer:Burkitt Lymphoma,Disorder:EBV positive						7fa5290a-14dc-4652-ba6a-72805c62a0a0	546923	256300	290600	22	na	2691	1243	1409	39	na	9622617	4509368	5112846	403	na	0.9152	0.8718	0.8082	2.1850	1663.6801	255950	1.001367	no data	no data	0.819987833	0.384264171	v2	Human-IGKL-PD1x	Published	12/10/15 04:11:57	11/23/15 11:42:54	0.4686			no data	no data	130
TCRB_K00090200_tumor	06b60bd8-8bb9-4a30-9634-eddf4de90a3b	Human	TCRB	KIT	fbaae9ec-1845-4a40-af92-4917fd94c6d1					Cancer:Burkitt Lymphoma,Disorder:EBV positive		[]			Sample	923c20f4-7ba3-4e31-9ec5-fc646e3c437c	3078	2444	545	89	na	1241	897	317	27	na	na	na	na	na	na	0.1922	7.9232	0.1681	8.5492	no data	no data	no data	no data	no data	0.088788867	0.0705003217	v3	Human-TCRB-PD1x	Published	11/10/15 02:12:13	11/04/15 04:57:27	0.7940			no data	no data	87
IGH_K00106900_tumor	9b673671-7217-455e-9a72-65dc5c87febd	Human	IGH	Survey	fbaae9ec-1845-4a40-af92-4917fd94c6d1					Cancer:Burkitt Lymphoma,Disorder:EBV positive						b0dd8059-84a8-47bd-9ed8-1d75f3b8da78	9399	9365	30	2	na	376	321	50	5	na	1144037	1139938	3735	364	na	0.8101	1.5809	0.8099	1.6260	1720.3200	264664	0.035384	no data	no data	0.659002483	0.656641364	v2	Human-IGH-PD1x	Published	12/10/15 04:11:57	11/09/15 12:03:11	0.9964			no data	no data	130
IGKL_009-0171_tumor	d2d43929-f403-4009-a8b8-854c2b6016a0	Human	IGKL	Survey	fbaae9ec-1845-4a40-af92-4917fd94c6d1					Cancer:Burkitt Lymphoma,Disorder:EBV positive,Virus Diseases:HIV Neg					Sample	f2a95354-3505-44d4-8fa4-da1b38505bce	153889	153477	375	35	na	775	602	153	20	na	2886937	2879225	7038	674	na	0.9945	0.0512	0.9906	0.0904	800.0000	123076	1.247010	no data	no data	0.996996403	0.994333088	v2	Human-IGKL-PD1x	Published	05/21/14 04:45:30	05/21/14 04:22:45	0.9973			no data	no data	130
TCRB_009-0184_tumor	d519a341-19c3-41b3-bb10-adef0b85ccd1	Human	TCRB	KIT	fbaae9ec-1845-4a40-af92-4917fd94c6d1					Cancer:Burkitt Lymphoma,Disorder:EBV positive,Virus Diseases:HIV Neg					Sample	d77a9994-4b18-4347-9868-96dfd8f17f62	3951	3201	705	45	na	1683	1327	329	27	na	na	na	na	na	na	0.1010	9.3265	0.0962	9.6863	no data	no data	no data	no data	no data	0.0328022502	0.0265755504	v3	Human-TCRB-PD1x	Published	08/04/15 11:49:56	07/16/15 10:15:00	0.8102			no data	no data	87
IGKL_K00116800_tumor	e423c90c-1891-4aff-bac9-30cfc22d2de4	Human	IGKL	Survey	fbaae9ec-1845-4a40-af92-4917fd94c6d1					Cancer:Burkitt Lymphoma,Disorder:EBV positive						d97d5739-f5b6-414d-8af7-550a6e8ad58f	18430	18405	21	3	na	523	472	42	9	na	329541	329095	383	63	na	0.8798	1.0681	0.8795	1.0879	400.0000	61538	0.299083	no data	no data	0.805894971	0.804804265	v2	Human-IGKL-PD1x	Published	12/14/15 09:52:59	12/02/15 09:55:37	0.9986			no data	no data	130
TCRB_K00091700_tumor	27bac374-358f-489f-9a9d-c40644c46a6c	Human	TCRB	KIT	fbaae9ec-1845-4a40-af92-4917fd94c6d1					Cancer:Burkitt Lymphoma,Disorder:EBV positive					Sample	c7f9e6fa-86e3-4044-9370-fcbc18f9ffa2	636	448	179	9	na	439	333	97	9	na	na	na	na	na	na	0.0564	7.9069	0.0934	7.9586	no data	no data	no data	no data	no data	0.0625	0.108490564	v3	Human-TCRB-PD1x	Published	11/06/15 09:05:49	11/05/15 01:12:51	0.7044			no data	no data	87
IGKL_K00108900_tumor	9da91689-45f1-403e-be7f-96263e6a071e	Human	IGKL	Survey	fbaae9ec-1845-4a40-af92-4917fd94c6d1					Cancer:Burkitt Lymphoma,Disorder:EBV positive						f49e5398-6f20-4957-b863-6cc0e92d0fd3	226313	58736	167571	5	na	1291	288	995	8	na	5919146	1536230	4382774	142	na	0.8707	1.0560	0.7664	2.4141	1206.0800	185550	0.316551	no data	no data	0.500880718	0.296523511	v2	Human-IGKL-PD1x	Published	06/05/15 04:35:37	06/01/15 03:05:28	0.2595			no data	no data	130
IGH_009-0249_tumor	136d05e1-cf8d-403a-885f-6b3780d09a06	Human	IGH	Survey	fbaae9ec-1845-4a40-af92-4917fd94c6d1					Cancer:Burkitt Lymphoma,Disorder:EBV positive,Virus Diseases:HIV Neg					Sample	cd3599f1-6917-44f9-81d9-e0c297a16733	32776	32689	85	1	na	1275	1161	105	9	na	3124392	3116119	8163	110	na	0.9842	0.1609	0.9808	0.1983	1993.6000	306707	0.106581	no data	no data	0.990849853	0.988226175	v2	Human-IGH-PD1x	Published	10/06/14 09:39:01	09/25/14 02:56:03	0.9973			no data	no data	130
IGH_K00061600_tumor	2a6ed36f-a394-4bb2-8ad5-da127e21a80b	Human	IGH	Survey	fbaae9ec-1845-4a40-af92-4917fd94c6d1					Cancer:Burkitt Lymphoma,Disorder:EBV positive						efedf0d0-ef25-4ef5-bdd2-07da37f34f39	101883	101673	195	14	na	1370	1215	128	27	na	3903815	3895769	7477	569	na	0.9325	0.6918	0.9308	0.7215	1638.7200	252110	0.403288	no data	no data	0.928006768	0.926094115	v2	Human-IGH-PD1x	Published	12/10/15 04:11:57	11/09/15 12:04:07	0.9979			no data	no data	130
IGKL_K00114000_tumor	3212497e-2039-4c0a-9e4f-12b902377fd9	Human	IGKL	Survey	fbaae9ec-1845-4a40-af92-4917fd94c6d1					Cancer:Burkitt Lymphoma,Disorder:EBV positive						b678cba6-4ba5-4111-badd-8f0794a0d31d	50138	42105	7321	711	na	4320	2253	1488	579	na	3232277	2714412	471973	45892	na	0.9216	0.8729	0.8575	1.7210	2051.5200	315618	0.133405	no data	no data	0.941491961	0.790649116	v2	Human-IGKL-PD1x	Published	06/05/15 04:35:37	06/01/15 03:05:12	0.8398			no data	no data	130
IGKL_K00095400_tumor	c9f29d74-8b6f-4250-8591-7c9a5d5a6069	Human	IGKL	Survey	fbaae9ec-1845-4a40-af92-4917fd94c6d1					Cancer:Burkitt Lymphoma,Disorder:EBV positive						c5dffa23-2bca-4c3f-9933-271f1c0f91df	789984	469071	320872	39	na	4334	2236	2048	50	na	5792264	3439296	2352677	291	na	0.9700	0.3339	0.8718	1.5492	1787.5200	275003	1.705694	no data	no data	0.966353297	0.573795497	v2	Human-IGKL-PD1x	Published	09/16/15 02:34:57	09/16/15 09:56:05	0.5938			no data	no data	130
IGH_K00114000_tumor	3828a310-f84f-417c-938e-6c7a1a54d957	Human	IGH	Survey	fbaae9ec-1845-4a40-af92-4917fd94c6d1					Cancer:Burkitt Lymphoma,Disorder:EBV positive						d54ddf2b-d45c-4e53-86dc-b7800520e717	11183	11117	32	33	na	852	731	30	91	na	580404	576987	1664	1753	na	0.8820	1.1229	0.8764	1.2029	2087.0400	321083	0.034623	no data	no data	0.814059913	0.809267342	v2	Human-IGH-PD1x	Published	06/05/15 04:35:37	05/27/15 10:49:22	0.9941			no data	no data	130
IGKL_K00090900_tumor	238a2706-d026-4eb9-bc7e-fe27d16d10d4	Human	IGKL	Survey	fbaae9ec-1845-4a40-af92-4917fd94c6d1					Cancer:Burkitt Lymphoma,Disorder:EBV positive						ff51dd93-551f-4663-8c0d-a4972aa66759	92475	85922	6495	57	na	3514	2135	1328	51	na	2763809	2567962	194123	1724	na	0.9520	0.5307	0.9002	1.1756	1193.2800	183581	0.468033	no data	no data	0.963605404	0.895323098	v2	Human-IGKL-PD1x	Published	12/10/15 04:11:57	12/02/15 09:40:44	0.9291			no data	no data	130
TCRB_K00048000_tumor	98b3c57a-e53e-4860-9841-b0ddbea5f7a7	Human	TCRB	KIT	fbaae9ec-1845-4a40-af92-4917fd94c6d1					Cancer:Burkitt Lymphoma,Disorder:EBV positive		[]			Sample	c1b55141-4a53-4b24-b792-0065ea989b42	26436	20995	5084	357	na	5424	4153	1152	119	na	na	na	na	na	na	0.1729	9.9421	0.1667	10.3368	no data	no data	no data	no data	no data	0.0323886648	0.0257224999	v3	Human-TCRB-PD1x	Published	01/07/16 10:50:37	01/05/16 03:14:47	0.7942			no data	no data	87
TCRB_K00115400_tumor	aa5c372d-c44c-4c5f-880b-eec6e03115b0	Human	TCRB	KIT	fbaae9ec-1845-4a40-af92-4917fd94c6d1					Cancer:Burkitt Lymphoma,Disorder:EBV positive		[]			Sample	b0621603-5c88-4791-83d7-1d6dd3ddce29	3639	2901	681	57	na	1775	1347	392	36	na	na	na	na	na	na	0.0843	9.5192	0.0773	9.9590	no data	no data	no data	no data	no data	0.0289555322	0.023083264	v3	Human-TCRB-PD1x	Published	11/17/15 08:59:19	11/17/15 02:42:29	0.7972			no data	no data	87
IGH_K00126500_tumor	e6e4eabf-aebd-4c68-9c67-5befad1ca298	Human	IGH	Survey	fbaae9ec-1845-4a40-af92-4917fd94c6d1					Cancer:Burkitt Lymphoma,Disorder:EBV positive						b3b822de-d8e4-4ab4-bcb6-c23c633a3c71	19297	19235	60	1	na	558	486	65	7	na	2955394	2945964	9220	210	na	0.7937	1.8409	0.7938	1.8810	400.0000	61538	0.312571	no data	no data	0.463794529	0.462314665	v2	Human-IGH-PD1x	Published	04/14/15 03:39:15	03/12/15 10:19:04	0.9968			no data	no data	130
TCRB_K00132000_tumor	a43001bc-3feb-498f-93fe-8de01475ce78	Human	TCRB	KIT	fbaae9ec-1845-4a40-af92-4917fd94c6d1					Cancer:Burkitt Lymphoma,Disorder:EBV positive		[]			Sample	c5184de8-7fd9-4291-9b92-b4818d301151	529402	431635	91381	6386	na	58138	44862	12285	991	na	na	na	na	na	na	0.2202	12.0506	0.2096	12.5092	no data	no data	no data	no data	no data	0.0259547997	0.0211616121	v3	Human-TCRB-PD1x	Published	06/02/15 01:57:58	06/02/15 10:23:04	0.8153			no data	no data	87
TCRB_K00063100_tumor	581c2093-f0ad-476d-8b55-82ffb84497cf	Human	TCRB	KIT	fbaae9ec-1845-4a40-af92-4917fd94c6d1					Cancer:Burkitt Lymphoma,Disorder:EBV positive					Sample	d952cc19-e76d-4f1e-9840-5a0effe1910a	16372	13539	2590	243	na	7303	5711	1445	147	na	na	na	na	na	na	0.1583	10.5036	0.1362	11.0861	no data	no data	no data	no data	no data	0.150749683	0.124664061	v3	Human-TCRB-PD1x	Published	09/12/16 11:30:33	09/12/16 11:28:27	0.8270			no data	no data	87
IGH_K00065600_tumor	49623a2d-8624-425f-96e4-69602ee16134	Human	IGH	Survey	fbaae9ec-1845-4a40-af92-4917fd94c6d1					Cancer:Burkitt Lymphoma,Disorder:EBV positive						ddf3db5a-67a1-42ab-bc2c-41dd163d5c44	2111	2104	6	na	na	103	85	17	1	na	267826	266958	790	78	na	0.9663	0.2162	0.9613	0.2587	400.0000	61538	0.034190	no data	no data	0.983581662	0.980394006	v2	Human-IGH-PD1x	Published	12/14/15 09:52:59	11/10/15 01:16:58	0.9967			no data	no data	130
IGKL_K00132000_tumor	a518d5a3-da2a-457c-9a80-f7dba334cb68	Human	IGKL	Survey	fbaae9ec-1845-4a40-af92-4917fd94c6d1					Cancer:Burkitt Lymphoma,Disorder:EBV positive						e611e822-9f14-4e17-9c0a-083402a74436	21478	11408	9761	308	na	3008	1751	1196	61	na	423429	224910	192445	6074	na	0.2426	8.1604	0.2604	8.5460	1224.3200	188356	0.060566	no data	no data	0.0815170482	0.0432988778	v2	Human-IGKL-PD1x	Published	07/29/15 04:09:19	07/27/15 10:35:43	0.5311			no data	no data	130
IGH_009-0210_tumor	7b0c4b78-88f6-46fa-90a2-9484739ec60e	Human	IGH	Survey	fbaae9ec-1845-4a40-af92-4917fd94c6d1					Cancer:Burkitt Lymphoma,Disorder:EBV positive,Virus Diseases:HIV Neg					Sample	e9ed5ad1-ec4e-4c0b-a648-5959b8ce42e3	9634	9525	54	54	na	594	465	45	84	na	867871	858102	4888	4881	na	0.8562	1.2744	0.8477	1.4034	800.0000	123076	0.077391	no data	no data	0.735955656	0.727671504	v2	Human-IGH-PD1x	Published	04/18/14 07:08:15	04/06/14 08:03:52	0.9887			no data	no data	130
IGH_K00091700_tumor	5e2def75-594c-47b4-96c5-903da3733587	Human	IGH	Survey	fbaae9ec-1845-4a40-af92-4917fd94c6d1					Cancer:Burkitt Lymphoma,Disorder:EBV positive						ee2fe803-d8f9-43c0-9a9b-e2f75f5e6d9b	145	106	32	5	na	144	107	29	8	na	2243	1654	498	91	na	0.0558	6.3651	0.0501	6.8108	1444.4800	222227	0.000477	no data	no data	0.0471584052	0.0347748548	v2	Human-IGH-PD1x	Published	12/10/15 04:11:57	11/02/15 10:49:02	0.7310			no data	no data	130
TCRB_009-0203_tumor	f7c36710-7369-4062-ad1c-ec9efab5cdb8	Human	TCRB	KIT	fbaae9ec-1845-4a40-af92-4917fd94c6d1					Cancer:Burkitt Lymphoma,Disorder:EBV positive,Virus Diseases:HIV Neg		[]			Sample	c6434354-ef83-4e72-b458-19a757f42d68	464	323	134	7	na	295	208	81	6	na	na	na	na	na	na	0.0743	7.1286	0.0800	7.5483	no data	no data	no data	no data	no data	0.0804953575	0.0603448264	v3	Human-TCRB-PD1x	Published	08/04/15 11:49:56	07/16/15 10:15:28	0.6961			no data	no data	87
IGKL_K00063100_tumor	67d8c94d-426b-44fc-95f5-ce2aa9cb89b1	Human	IGKL	Survey	fbaae9ec-1845-4a40-af92-4917fd94c6d1					Cancer:Burkitt Lymphoma,Disorder:EBV positive						b20042dd-45f8-413a-a236-4431cb817f48	244910	231610	2955	10343	na	2415	1583	745	87	na	6115072	5783013	73801	258258	na	0.9845	0.1644	0.9521	0.5378	1579.8400	243052	0.952924	no data	no data	0.990025282	0.936265171	v2	Human-IGKL-PD1x	Published	12/10/15 04:11:57	11/23/15 11:42:41	0.9457			no data	no data	130
IGKL_K00065600_tumor	8878410e-a33f-46c3-8048-d35b84dfee47	Human	IGKL	Survey	fbaae9ec-1845-4a40-af92-4917fd94c6d1					Cancer:Burkitt Lymphoma,Disorder:EBV positive						b935b0b6-45e6-446e-9623-37a19a41719d	13184	7057	6123	2	na	177	100	73	4	na	228926	122551	106328	47	na	0.9591	0.2716	0.8082	1.4320	400.0000	61538	0.114677	no data	no data	0.977943897	0.523522913	v2	Human-IGKL-PD1x	Published	12/14/15 09:52:59	11/23/15 11:44:35	0.5353			no data	no data	130
TCRB_K00116800_tumor	e08b08ad-3750-4d72-a17f-5fa2dc83078a	Human	TCRB	KIT	fbaae9ec-1845-4a40-af92-4917fd94c6d1					Cancer:Burkitt Lymphoma,Disorder:EBV positive					Sample	f771affa-cb20-4dda-bbe3-d1722edaa977	4863	3876	927	60	na	2020	1575	405	40	na	na	na	na	na	na	0.1113	9.4391	0.1047	9.8303	no data	no data	no data	no data	no data	0.0371517017	0.029611351	v3	Human-TCRB-PD1x	Published	09/12/16 11:30:33	09/12/16 11:29:04	0.7970			no data	no data	87
IGH_009-0103_tumor	c50f66a5-9fa9-45a4-860a-3682d55f896b	Human	IGH	Survey	fbaae9ec-1845-4a40-af92-4917fd94c6d1					Cancer:Burkitt Lymphoma,Disorder:EBV positive,Virus Diseases:HIV Neg					Sample	b8ab9d18-3761-4b66-9870-a1a89180d475	3598	3591	6	na	na	70	40	29	1	na	1174087	1171983	2095	9	na	0.7734	1.2057	0.7994	1.2295	2000.0000	307692	0.011671	no data	no data	0.637708068	0.636565268	v2	Human-IGH-PD1x	Published	12/05/13 12:52:35	12/04/13 11:01:50	0.9981			no data	no data	130
IGH_K00108600_tumor	8b71a3d9-5d59-4d19-85fa-5dcaeb788402	Human	IGH	Survey	fbaae9ec-1845-4a40-af92-4917fd94c6d1					Cancer:Burkitt Lymphoma,Disorder:EBV positive						d11d6ba6-fbb7-41bc-ac64-7c36fa6b95a8	20929	19736	1011	181	na	9695	7939	1480	276	na	1048606	988843	50693	9070	na	0.6235	4.8777	0.5845	5.5023	400.0000	61538	0.320712	no data	no data	0.669704914	0.631536543	v2	Human-IGH-PD1x	Published	04/14/15 03:39:15	03/12/15 10:18:53	0.9430			no data	no data	130
TCRB_K00061600_tumor	6e59cf31-7c70-4552-b5af-024fc9a5f070	Human	TCRB	KIT	fbaae9ec-1845-4a40-af92-4917fd94c6d1					Cancer:Burkitt Lymphoma,Disorder:EBV positive					Sample	d258dc6f-2f09-47b4-a212-50b7c89db002	8282	6328	1740	214	na	4635	3469	1067	99	na	na	na	na	na	na	0.0941	10.6537	0.0838	11.1583	no data	no data	no data	no data	no data	0.0404551215	0.0309104081	v3	Human-TCRB-PD1x	Published	11/17/15 08:59:19	11/17/15 02:42:20	0.7641			no data	no data	87
IGH_K00133300_tumor	92593a0d-d4a2-48c8-bb05-7b1f0e139adf	Human	IGH	Survey	fbaae9ec-1845-4a40-af92-4917fd94c6d1					Cancer:Burkitt Lymphoma,Disorder:EBV positive						d9086895-80e3-4004-aa09-7ae3569154e7	234	227	5	na	na	20	8	10	2	na	19146	18640	459	47	na	0.9661	0.1017	0.9174	0.3571	1945.2800	299273	0.000759	no data	no data	0.990396976	0.964222312	v2	Human-IGH-PD1x	Published	06/05/15 04:35:37	05/27/15 10:49:19	0.9701			no data	no data	130
IGKL_009-0232_tumor	ecf9fe5a-b9b9-4939-9189-396602d12a85	Human	IGKL	Survey	fbaae9ec-1845-4a40-af92-4917fd94c6d1					Cancer:Burkitt Lymphoma,Disorder:EBV positive,Virus Diseases:HIV Neg					Sample	ee40e8ed-d9aa-482d-af7a-9ffaade23c12	64571	64366	178	25	na	529	359	140	30	na	1738413	1732903	4817	693	na	0.9822	0.1510	0.9777	0.2021	800.0000	123076	0.522978	no data	no data	0.988852203	0.985718012	v2	Human-IGKL-PD1x	Published	05/21/14 04:45:30	05/21/14 04:22:56	0.9968			no data	no data	130
TCRB_K00139500_tumor	b9f58a61-ba9b-4f2d-932e-b607159c2cbd	Human	TCRB	KIT	fbaae9ec-1845-4a40-af92-4917fd94c6d1					Cancer:Burkitt Lymphoma					Sample	d5700b6c-b59a-4466-99ab-46c164817055	63224	52107	10376	741	na	11917	9476	2235	206	na	na	na	na	na	na	0.3313	8.8339	0.3094	9.3514	no data	no data	no data	no data	no data	0.221774429	0.182778686	v3	Human-TCRB-PD1x	Published	06/02/15 01:57:58	06/02/15 10:27:54	0.8242			no data	no data	87
IGKL_K00060800_tumor	ac40e6ce-eb88-471f-ad92-dba7b6b82fbf	Human	IGKL	Survey	fbaae9ec-1845-4a40-af92-4917fd94c6d1					Cancer:Burkitt Lymphoma,Disorder:EBV positive						dbf7019b-f29c-44ab-8ea4-13ba036678dd	242538	132900	109634	3	na	683	263	414	6	na	4460275	2444034	2016180	61	na	0.8313	1.3563	0.7501	2.3532	1856.6400	285636	0.465277	no data	no data	0.641742289	0.351646483	v2	Human-IGKL-PD1x	Published	12/10/15 04:11:57	12/10/15 03:12:07	0.5480			no data	no data	130
IGH_K00090300_tumor	1f00ee30-a818-4acc-89cd-e56e19cea962	Human	IGH	Survey	fbaae9ec-1845-4a40-af92-4917fd94c6d1					Cancer:Burkitt Lymphoma,Disorder:EBV positive						e145a9ce-0fb0-4466-a3ec-ef08f63a2ec0	147	130	13	2	na	85	71	9	5	na	5604	4968	523	113	na	0.2798	4.4288	0.2484	4.8175	1655.3600	254670	0.000510	no data	no data	0.222826093	0.197537467	v2	Human-IGH-PD1x	Published	12/10/15 04:11:57	11/09/15 12:03:57	0.8844			no data	no data	130
IGH_K00095400_tumor	b8e3f4ac-8ca1-4cd0-806c-cea56b6f8246	Human	IGH	Survey	fbaae9ec-1845-4a40-af92-4917fd94c6d1					Cancer:Burkitt Lymphoma,Disorder:EBV positive						d94779e9-e1fa-4c60-83b9-549e052aa72b	985	873	89	22	na	967	843	100	24	na	8292	7352	751	189	na	0.0313	9.4150	0.0307	9.6134	1757.1200	270326	0.003229	no data	no data	0.006800870549281829	0.00602990867349253	v2	Human-IGH-PD1x	Published	09/16/15 02:34:57	09/03/15 10:21:24	0.8863			no data	no data	130
TCRB_K00142100_tumor	d40d9dd4-278a-491f-99dc-c7df98fe6584	Human	TCRB	KIT	fbaae9ec-1845-4a40-af92-4917fd94c6d1					Cancer:Burkitt Lymphoma,Disorder:EBV positive					Sample	ec05b3d5-5cd8-4724-a8cf-6e0201f8feb0	53	28	17	8	na	46	26	15	5	na	na	na	na	na	na	0.0076	4.6645	0.0134	5.4495	no data	no data	no data	no data	no data	0.0714285746	0.0566037744	v3	Human-TCRB-PD1x	Published	11/10/15 02:12:13	11/04/15 04:55:35	0.5283			no data	no data	87
IGKL_K00139500_tumor	0ee8dd97-89b7-4001-993c-a2ca443494a5	Human	IGKL	Survey	fbaae9ec-1845-4a40-af92-4917fd94c6d1					Cancer:Burkitt Lymphoma						f1db5b75-c166-4a44-88f1-12f40f8b8be7	431858	141446	290393	17	na	2052	579	1440	33	na	8199248	2685498	5513414	336	na	0.9784	0.1986	0.8017	2.1819	1444.4800	222227	0.636493	no data	no data	0.982750297	0.321880013	v2	Human-IGKL-PD1x	Published	06/05/15 04:35:37	06/01/15 03:05:30	0.3275			no data	no data	130
